player,date,elo_before,rolling_win_pct,last3_win_avg,surface_win_pct,rolling_ace_avg,rolling_minutes_avg,rolling_bp_save,current_elo,last5_1,last5_2,last5_3,last5_4,last5_5
Aaron Gil Garcia,2025-09-12,1500.0,,,,,,,1483.2096988858948,0,,,,
Abdullah Shelbayh,2026-08-25,1449.319315916863,0.16666666666666666,0.3333333333333333,0.0,1.6666666666666667,93.16666666666667,0.5259004884004884,1435.7368340700225,0,0.0,1.0,0.0,0.0
Abdulmajeed Bukhari,2025-01-31,1500.0,,,,,,,1484.0,0,,,,
Abdulmalek Burasais,2025-01-31,1500.0,,,,,,,1484.0,0,,,,
Abubakar Yusuf,2026-09-19,1500.0,,,,,,,1484.6684987465678,0,,,,
Adam Neff,2024-02-05,1500.0,,,,,,,1485.0615756245968,0,,,,
Adam Walton,2026-09-23,1448.9751840903502,0.3,0.3333333333333333,0.4,5.6,120.0,0.42877747252747256,1431.388311439829,0,0.0,0.0,1.0,0.0
Adolfo Daniel Vallejo,2026-09-26,1545.8942580176256,0.5,0.6666666666666666,0.5,4.1,102.0,0.6336675020885547,1530.035677040494,0,1.0,1.0,0.0,0.0
Adria Soriano Barrera,2026-02-06,1502.6442407338666,0.5,0.6666666666666666,0.5,9.333333333333334,125.0,0.6388888888888888,1485.620825729781,0,1.0,1.0,0.0,0.0
Adrian Andreev,2025-01-31,1500.0,,,,,,,1516.0,1,,,,
Adrian Boitan,2026-03-31,1500.0,,,,,,,1483.0128520836965,0,,,,
Adrian Mannarino,2026-09-27,1512.5634029762186,0.4,0.6666666666666666,0.4,3.6,108.3,0.6067460317460318,1500.1371639225442,0,1.0,1.0,0.0,1.0
Ahmad Nael Qureshi,2025-02-01,1500.0,,,,,,,1483.4534609120842,0,,,,
Aidan Mayo,2026-07-29,1500.0,,,,,,,1481.2905444508203,0,,,,
Aisam-Ul-Haq Qureshi,2024-02-03,1500.0,,,,,,,1484.0,0,,,,
Ajeet Rai,2025-02-01,1453.3743307320146,0.0,0.0,0.0,6.333333333333333,102.66666666666667,0.3259259259259259,1440.9346056719644,0,0.0,0.0,0.0,
Akram El Sallaly,2025-09-13,1500.0,,,,,,,1482.5304984710244,0,,,,
Alaa Trifi,2026-02-06,1500.0,,,,,,,1485.1757904289923,0,,,,
Alan Fernando Rubio Fierros,2026-09-20,1500.0234351998367,0.5,0.5,0.5,4.5,100.0,0.5,1516.0223559690025,1,1.0,0.0,,
Alan Magadan,2026-09-19,1469.6640736684167,0.0,0.0,0.0,3.0,107.0,0.4583333333333333,1487.0575553388524,1,0.0,0.0,,
Albert Ramos-Vinolas,2025-05-26,1415.1287399076298,0.2,0.0,0.3,1.0,104.77777777777777,0.5161375661375662,1410.5884570747132,0,0.0,0.0,0.0,0.0
Alec Beckley,2025-09-13,1483.205703188654,0.0,0.0,,2.0,75.0,0.4,1467.9446748451217,0,0.0,,,
Alejandro Davidovich Fokina,2026-09-29,1697.073914105405,0.8,1.0,0.6,6.1,124.8,0.7419753086419754,1711.5288786337032,1,1.0,1.0,1.0,0.0
Alejandro Moro Canas,2024-12-29,1485.9261504670772,0.3333333333333333,0.3333333333333333,0.0,2.6666666666666665,116.33333333333333,0.6749999999999999,1472.1601795920253,0,0.0,0.0,1.0,
Alejandro Tabilo,2026-09-25,1609.128149096742,0.5,0.3333333333333333,0.6,7.3,126.8,0.6576044326044326,1587.9023949088069,0,0.0,0.0,1.0,1.0
Aleksa Krivokapic,2025-01-31,1500.0,,,,,,,1482.984631625098,0,,,,
Aleksandar Kovacevic,2026-09-24,1472.8629831275343,0.4,0.3333333333333333,0.4,8.7,112.3,0.6377946127946128,1458.297382259734,0,0.0,0.0,1.0,1.0
Aleksandar Vukic,2026-09-23,1411.583159129136,0.2,0.0,0.3,7.4,120.6,0.5347222222222222,1397.030117490453,0,0.0,0.0,0.0,1.0
Aleksander Shevchenko,2026-07-21,1500.0,,,,,,,1488.1092311392654,0,,,,
Aleksandr Shevchenko,2026-08-30,1471.1885489929966,0.0,0.0,0.0,7.5,114.0,0.5982142857142857,1459.1067480875731,0,0.0,0.0,,
Aleksandre Bakshi,2025-09-13,1512.855935649355,0.5,0.3333333333333333,0.5,5.0,106.0,0.5,1514.557812098041,0,1.0,0.0,1.0,1.0
Alex Barrena,2026-02-23,1481.9623853407604,0.0,0.0,0.0,4.0,147.0,0.5454545454545454,1465.7588039183943,0,0.0,,,
Alex Bolt,2026-09-24,1496.8734905449462,0.4,0.3333333333333333,0.5,6.1,98.0,0.5027981277981278,1483.1226612241344,0,0.0,1.0,0.0,0.0
Alex De Minaur,2026-09-20,1536.3362887600988,1.0,1.0,1.0,6.5,99.0,0.8461538461538461,1553.9768476625654,1,1.0,1.0,,
Alex Hernandez,2026-09-19,1469.878465226542,0.25,0.3333333333333333,0.25,1.3333333333333333,89.0,0.3637566137566138,1487.2621481641368,1,0.0,0.0,1.0,0.0
Alex Knaff,2026-09-18,1535.951987085905,0.7142857142857143,0.6666666666666666,1.0,2.8333333333333335,102.5,1.3714285714285712,1518.9898875659603,0,1.0,0.0,1.0,1.0
Alex Michelsen,2026-09-08,1682.358193194458,0.7,1.0,0.7,5.3,114.3,0.6849999999999999,1671.3188571609817,0,1.0,1.0,1.0,1.0
Alex Molcan,2026-09-20,1589.6212078668455,0.6,0.3333333333333333,0.7,2.4,117.66666666666667,0.5756593406593407,1577.4514949165568,0,1.0,0.0,0.0,1.0
Alex Santino Nunez Vera,2026-02-06,1500.0,,,,,,,1485.394494850439,0,,,,
Alex Santino Nuñez Vera,2025-09-12,1500.0,,,,,,,1516.0820334136984,1,,,,
Alex de Minaur,2026-09-03,1719.7802883350334,0.6,0.6666666666666666,0.5,4.8,120.5,0.580937950937951,1698.7866870812825,0,1.0,0.0,1.0,0.0
Alexander Blockx,2026-09-09,1691.6261547151134,0.7,1.0,0.7,10.4,133.9,0.7513700351935646,1671.8818613876128,0,1.0,1.0,1.0,1.0
Alexander Bublik,2026-09-25,1663.9621648704883,0.6,0.6666666666666666,0.5,15.8,121.8,0.7468253968253968,1652.1174962397104,0,0.0,1.0,1.0,0.0
Alexander Ritschard,2025-03-31,1480.463114641536,0.0,0.0,0.0,4.0,118.0,0.6666666666666666,1465.626639973526,0,0.0,,,
Alexander Shevchenko,2026-09-24,1522.575256963944,0.5,0.3333333333333333,0.4,5.25,110.0,0.6201073232323232,1510.7046330944763,0,0.0,1.0,0.0,1.0
Alexander Vasilev,2026-02-06,1529.9941813822088,1.0,1.0,1.0,0.5,115.0,0.8,1514.9488687726757,0,1.0,1.0,,
Alexander Zverev,2026-09-27,1934.009493759862,0.9,1.0,0.9,13.1,195.25,0.6526785714285714,1941.7420283644956,1,1.0,1.0,1.0,1.0
Alexandre Muller,2026-09-27,1457.7904554884594,0.2,0.6666666666666666,0.5,2.3,77.3,0.6602651515151515,1450.8692687874118,0,1.0,1.0,0.0,0.0
Alexei Popyrin,2026-09-03,1545.994840275552,0.4,0.6666666666666666,0.5,8.8,103.1,0.516599025974026,1533.201813611884,0,1.0,0.0,1.0,1.0
Alexey Vatutin,2024-10-14,1500.0,,,,,,,1483.168747641157,0,,,,
Alexis Galarneau,2026-08-04,1449.5428660637383,0.16666666666666666,0.0,0.2,6.25,113.0,0.48541666666666666,1436.713295384682,0,0.0,0.0,1.0,0.0
Alexis Klegou,2025-09-13,1484.0339081301693,0.0,0.0,0.0,,,,1467.7562058291023,0,0.0,,,
Alibek Kachmazov,2025-07-14,1509.2391513748375,0.6,0.6666666666666666,0.6,5.8,94.8,0.40625,1492.86929121671,0,0.0,1.0,0.0,1.0
Altug Celikbilek,2024-02-02,1500.0,,,,,,,1515.263693206478,1,,,,
Alvaro Guillen Meza,2026-09-19,1501.3614731290427,0.5,1.0,0.0,2.6,121.2,0.5433333333333333,1489.9456852667638,0,1.0,1.0,1.0,0.0
Amine Jamji,2026-09-20,1500.0,,,,,,,1516.0,1,,,,
Amir Omarkhanov,2025-10-13,1500.0,,,,,,,1489.7533925026037,0,,,,
Amit Vales,2026-09-18,1469.228500390624,0.0,0.0,0.0,1.5,107.5,0.44155844155844154,1455.897480333036,0,0.0,0.0,,
Ammar Alhogbani,2025-01-31,1500.0,,,,,,,1483.2831192397123,0,,,,
Ammar Elamin,2025-01-31,1500.0,,,,,,,1516.0,1,,,,
Amr Elsayed,2026-09-18,1500.0,,,,,,,1484.6073239916927,0,,,,
Amr Elsayed Abdou Ah Mohamed,2025-02-01,1500.736306793522,0.5,0.5,0.5,2.0,93.0,0.0,1484.6438907181034,0,0.0,1.0,,
Andrea Collarini,2024-07-22,1500.0,,,,,,,1482.3105054681864,0,,,,
Andrea Guerrieri,2026-09-02,1500.0,,,,,,,1492.7244638594218,0,,,,
Andrea Pellegrino,2026-07-16,1562.8823894617628,0.6,0.3333333333333333,0.6,2.1,108.7,0.4972934472934473,1551.0643545700966,0,1.0,0.0,0.0,1.0
Andrea Vavassori,2026-02-03,1514.851062204979,0.4,0.3333333333333333,0.5,5.5,92.25,0.6014790764790765,1495.636897872337,0,0.0,1.0,1.0,0.0
Andreas Timini,2025-01-31,1500.0,,,,,,,1515.263693206478,1,,,,
Andrei Gorban,2025-02-01,1500.0,,,,,,,1482.4634229234107,0,,,,
Andrej Nedic,2026-09-19,1475.6715226923748,0.25,0.3333333333333333,0.3333333333333333,1.75,131.0,0.6932539682539682,1492.9143199973864,1,0.0,1.0,0.0,0.0
Andres Andrade,2026-09-19,1551.953711893565,0.75,0.6666666666666666,0.75,4.333333333333333,106.83333333333333,0.5666666666666667,1533.999308597841,0,1.0,1.0,0.0,1.0
Andres Martin,2026-07-28,1485.9472243868183,0.0,0.0,0.0,4.0,55.0,0.4444444444444444,1476.6754352400935,0,0.0,,,
Andrey Rublev,2026-09-29,1674.037144759434,0.6,1.0,0.5,9.6,124.0,0.536525974025974,1660.5100164687744,0,1.0,1.0,1.0,0.0
Andy Murray,2024-06-17,1432.6877447845063,0.4,0.0,0.0,6.1,125.8,0.6486772486772486,1437.7807124267604,0,1.0,0.0,0.0,0.0
Angel Veliz,2026-09-20,1500.0,,,,,,,1482.041541872702,0,,,,
Anthony Susanto,2024-02-03,1500.0,0.0,0.0,0.0,1.0,77.0,0.42857142857142855,1468.0,0,0.0,,,
Antoine Escoffier,2024-01-29,1500.0,,,,,,,1483.079131304269,0,,,,
Antoine Ghibaudo,2026-06-22,1500.0,,,,,,,1483.4977783477557,0,,,,
Anton Shepp,2026-09-20,1478.711678362147,0.3333333333333333,0.3333333333333333,0.3333333333333333,9.0,118.5,0.6819444444444445,1461.2226458707435,0,0.0,1.0,0.0,
Aqeel Khan,2024-09-14,1484.0,0.0,0.0,,3.0,75.0,0.6,1500.736306793522,1,0.0,,,
Arda Azkara,2025-09-12,1500.0,,,,,,,1515.054747796474,1,,,,
Aristotelis Thanos,2025-02-01,1498.729494896409,0.5,0.5,1.0,4.0,136.0,0.6,1514.8219109718277,1,0.0,1.0,,
Arthur Cazaux,2026-03-22,1548.3354058094937,0.5,0.6666666666666666,0.5,11.2,130.3,0.5910606060606061,1536.6476856941622,0,1.0,0.0,1.0,1.0
Arthur Fery,2026-09-19,1603.772816824747,0.6,0.3333333333333333,0.5,4.1,112.2,0.49100529100529094,1615.1886046870259,1,0.0,0.0,1.0,1.0
Arthur Fils,2026-08-31,1857.1448002173108,0.9,1.0,0.9,6.4,90.0,0.7447916666666666,1831.7234274460425,0,1.0,1.0,1.0,1.0
Arthur Gea,2026-09-07,1615.5248173773934,0.8,1.0,0.9,4.9,146.1,0.6289177489177489,1600.8301270738887,0,1.0,1.0,1.0,1.0
Arthur Rinderknech,2026-09-19,1573.0716731784537,0.4,0.3333333333333333,0.4,13.9,145.0,0.5980158730158729,1564.5349043339286,0,0.0,0.0,1.0,1.0
Aslan Karatsev,2024-10-14,1413.9427276193608,0.2,0.0,0.2,3.5,117.5,0.537061087061087,1422.9000545919096,0,1.0,0.0,0.0,1.0
Atakan Karahan,2025-02-01,1500.0,,,,,,,1516.0,1,,,,
August Holmgren,2026-02-06,1524.640236634752,0.5714285714285714,0.3333333333333333,0.5,16.833333333333332,146.66666666666666,0.6583333333333333,1505.7839256999875,0,0.0,1.0,0.0,1.0
Aziz Dougaz,2026-09-18,1429.506816501745,0.2222222222222222,0.0,0.16666666666666666,5.571428571428571,98.57142857142857,0.3922521922521922,1447.3057628494696,1,0.0,0.0,0.0,0.0
Aziz Ouakaa,2026-02-06,1467.745007635219,0.0,0.0,0.0,5.0,116.5,0.6363636363636364,1453.2261521554285,0,0.0,0.0,,
Beibit Zhukayev,2025-10-13,1512.5206396524757,0.5,0.3333333333333333,0.5714285714285714,11.333333333333334,76.16666666666667,0.5812499999999999,1496.721066573784,0,0.0,0.0,1.0,1.0
Ben Shelton,2026-09-19,1802.2407568954068,0.7,0.3333333333333333,0.7,9.4,164.6,0.6226055194805195,1780.7348730963074,0,0.0,0.0,1.0,1.0
Ben Weintraub,2026-09-19,1500.0,,,,,,,1483.2696155452888,0,,,,
Benedict Badza,2024-02-03,1500.0,,,,,,,1516.0,1,,,,
Benjamin Balleret,2025-02-01,1500.736306793522,0.5,0.5,0.5,3.5,68.0,0.5476190476190476,1488.0275453269865,0,1.0,0.0,,
Benjamin Bonzi,2026-09-05,1615.3395484438092,0.6,0.6666666666666666,0.7,6.5,115.4,0.48875322208655536,1597.163982803085,0,1.0,1.0,0.0,1.0
Benjamin Hassan,2026-02-23,1487.7693477703378,0.5,0.6666666666666666,0.3333333333333333,2.125,84.16666666666667,0.6086805555555556,1471.0192041298963,0,0.0,1.0,1.0,0.0
Benjamin Lock,2024-02-03,1500.0,,,,,,,1484.0,0,,,,
Benoit Paire,2024-07-15,1479.758785891102,0.3333333333333333,0.3333333333333333,1.0,7.333333333333333,114.0,0.42857142857142855,1480.8400399301995,1,0.0,0.0,0.0,1.0
Bernabe Zapata Miralles,2024-03-04,1415.5380684559814,0.125,0.0,0.0,1.5,105.0,0.4890758547008547,1402.93251299418,0,0.0,0.0,0.0,0.0
Bernard Tomic,2026-07-31,1524.2662922307059,0.6,0.6666666666666666,0.6666666666666666,6.8,83.4,0.6458333333333333,1511.491897814735,0,1.0,1.0,0.0,1.0
Billy Harris,2026-06-30,1427.3463483529404,0.4,0.3333333333333333,0.5,4.6,115.4,0.6458333333333333,1417.5571318957327,0,0.0,1.0,0.0,0.0
Blaise Bicknell,2025-02-01,1532.0,1.0,1.0,1.0,4.0,75.0,0.6666666666666666,1527.7631289654298,1,0.0,1.0,1.0,
Bor Artnak,2026-09-18,1527.731383291607,0.75,0.6666666666666666,0.6666666666666666,1.0,107.0,0.5,1541.0624033491952,1,0.0,1.0,1.0,1.0
Boris Arias,2026-09-19,1516.0,1.0,1.0,1.0,8.0,63.0,1.0,1499.263693206478,0,1.0,,,
Borna Coric,2025-08-24,1374.8290330274517,0.2,0.0,0.2,4.0,119.5,0.5266300366300366,1370.9120328525646,0,0.0,0.0,0.0,0.0
Borna Gojo,2025-05-19,1443.516769071192,0.14285714285714285,0.0,0.0,9.333333333333334,105.5,0.39305555555555555,1434.1437834389776,0,0.0,0.0,0.0,0.0
Botic Van De Zandschulp,2026-08-27,1517.4297250403595,0.5,0.6666666666666666,1.0,5.5,99.0,0.7265211640211641,1504.4536496243375,0,1.0,1.0,0.0,0.0
Botic van de Zandschulp,2026-09-25,1661.7742056408013,0.7,0.6666666666666666,0.7,8.9,159.0,0.5489772727272727,1637.933614171327,0,1.0,0.0,1.0,1.0
Brandon Holt,2025-08-24,1401.9462611253055,0.1,0.0,0.0,5.6,105.9,0.4951587301587302,1391.1577578556378,0,0.0,0.0,0.0,1.0
Brandon Nakashima,2026-09-25,1731.9816473176227,0.7,0.3333333333333333,0.7,11.7,111.8,0.6895238095238095,1746.4719908709312,1,0.0,1.0,0.0,1.0
Branko Djuric,2026-02-06,1464.3954311674715,0.0,0.0,0.0,10.5,89.0,0.5892857142857143,1450.029366414531,0,0.0,0.0,,
Calvin Hemery,2025-07-14,1500.0,,,,,,,1483.4952860263725,0,,,,
Cameron Norrie,2026-08-30,1636.4442686431748,0.7,0.3333333333333333,0.7,3.5,113.5,0.5933760683760684,1614.277748428389,0,0.0,1.0,0.0,1.0
Camilo Ugo Carabelli,2026-09-24,1465.4779577465756,0.3,0.0,0.2,5.1,138.2,0.470530303030303,1446.8800337317516,0,0.0,0.0,0.0,0.0
Canice Abua,2026-09-19,1500.0,,,,,,,1485.5356858534876,0,,,,
Carlos Alcaraz,2026-09-26,1990.4798276148858,0.7,0.6666666666666666,0.7,2.888888888888889,135.33333333333334,0.6400012025012026,1997.6839947777646,1,0.0,1.0,1.0,1.0
Carlos Taberner,2026-09-02,1518.8626112749669,0.5,0.3333333333333333,0.0,1.9,124.7,0.5075708061002179,1506.055560886964,0,0.0,1.0,1.0,1.0
Casper Ruud,2026-09-25,1701.8824538275978,0.5,0.6666666666666666,0.4,5.2,146.125,0.5665881737310309,1717.514528942129,1,1.0,1.0,0.0,0.0
Cem Ilkel,2024-09-13,1483.2298601853572,0.0,0.0,0.0,3.0,104.0,0.6363636363636364,1453.9199405951827,0,0.0,0.0,,
Cesar Cruz,2026-09-19,1454.9852011581324,0.2,0.3333333333333333,0.25,1.0,148.0,0.7142857142857143,1443.4758966871595,0,0.0,0.0,0.0,1.0
Cezar Cretu,2026-09-18,1546.199863420374,1.0,1.0,1.0,9.5,172.0,0.6388888888888888,1559.3985246725772,1,1.0,1.0,1.0,
Charles Broom,2024-07-01,1484.748123072725,0.0,0.0,0.0,2.0,124.0,0.6666666666666666,1466.3686736987472,0,0.0,,,
Chris Rodesch,2026-02-06,1480.3654940779109,0.42857142857142855,0.3333333333333333,0.5,7.4,101.6,0.49878787878787884,1496.6749849153205,1,0.0,0.0,1.0,0.0
Christopher Bulus,2025-02-01,1500.0,1.0,1.0,1.0,,,,1498.5900185094158,1,0.0,,,
Christopher Eubanks,2025-06-30,1455.816508818398,0.4,0.6666666666666666,0.4444444444444444,7.6,96.8,0.5604938271604939,1442.0386887617235,0,0.0,1.0,1.0,0.0
Christopher O'Connell,2026-08-20,1500.1707396093482,0.5,1.0,0.5,7.111111111111111,103.55555555555556,0.531962481962482,1495.3907344954825,0,1.0,1.0,1.0,0.0
Christos Antonopoulos,2025-02-01,1500.0,,,,,,,1483.9020031573618,0,,,,
Chun Hun Wong,2025-02-01,1500.0,,,,,,,1484.0,0,,,,
Chun-Hsin Tseng,2026-09-20,1385.1976706362345,0.3,0.3333333333333333,0.3,3.1,95.1,0.4913407976827095,1406.9599309447065,1,1.0,0.0,0.0,1.0
Cleeve Harper,2025-09-12,1500.0,,,,,,,1514.4968037414505,1,,,,
Clement Chidekh,2025-02-10,1500.0,,,,,,,1488.3070259350732,0,,,,
Clement Tabur,2026-07-15,1497.7807382497085,0.42857142857142855,0.3333333333333333,0.25,4.285714285714286,140.85714285714286,0.6742757242757244,1486.4782498200384,0,1.0,0.0,0.0,1.0
Codie Schalk Van Schalkwyk,2025-02-01,1500.0,0.0,0.0,0.0,,,,1499.2318648459157,0,1.0,,,
Coleman Wong,2026-09-27,1564.823794029966,0.5,0.6666666666666666,0.5,9.8,109.2,0.65503663003663,1555.16270232557,0,1.0,1.0,0.0,0.0
Colton Smith,2026-03-31,1464.965375147013,0.3333333333333333,0.0,0.6666666666666666,3.5555555555555554,91.77777777777777,0.684335417668751,1451.6573125491982,0,0.0,0.0,0.0,0.0
Conner Huertas del Pino,2025-01-31,1500.0,,,,,,,1516.0,1,,,,
Connor Doig,2025-09-13,1500.0,,,,,,,1483.9180692320183,0,,,,
Connor Henry Van Schalkwyk,2025-02-01,1500.0,1.0,1.0,1.0,,,,1498.4950537986285,1,0.0,,,
Conor Gannon,2024-09-13,1500.0,0.0,0.0,0.0,0.0,70.0,0.6,1467.9539934786987,0,0.0,,,
Constant Lestienne,2025-02-03,1401.899594411459,0.2,0.3333333333333333,0.3,2.6,120.0,0.5780988455988456,1394.5868801046297,0,1.0,0.0,0.0,0.0
Corentin Denolly,2025-03-31,1500.0,1.0,1.0,1.0,1.0,139.0,0.7142857142857143,1494.904446350538,1,0.0,,,
Corentin Moutet,2026-09-01,1478.8952628793131,0.2,0.3333333333333333,0.3,3.3,133.8,0.5796451914098972,1462.3031612092213,0,0.0,1.0,0.0,0.0
Courtney John Lock,2025-01-31,1483.263693206478,0.0,0.0,0.0,1.0,59.0,0.4444444444444444,1468.0338330211207,0,0.0,,,
Cristian Garin,2026-09-19,1472.386083997856,0.3,0.3333333333333333,0.4,3.3,134.2,0.5553787878787879,1467.0264825914028,0,0.0,0.0,1.0,0.0
Cruz Hewitt,2026-08-26,1524.689696169899,0.6666666666666666,0.6666666666666666,0.6666666666666666,3.6666666666666665,87.66666666666667,0.39285714285714285,1511.389737565981,0,1.0,0.0,1.0,
Dalibor Svrcina,2026-09-24,1512.1447578691825,0.4,0.3333333333333333,0.6,3.8,132.4,0.5808676538642438,1495.966192901691,0,0.0,1.0,0.0,1.0
Damir Dzumhur,2026-09-19,1460.589666041679,0.4,0.0,0.2,1.4,135.2,0.512608225108225,1478.3968347861803,1,0.0,0.0,0.0,1.0
Dan Added,2025-11-03,1500.0,,,,,,,1483.2064246384002,0,,,,
Dan Martin,2025-07-27,1500.0,,,,,,,1486.1494640362525,0,,,,
Dane Sweeny,2026-09-24,1497.8813781484535,0.375,0.6666666666666666,0.42857142857142855,2.125,150.75,0.62370337995338,1476.2252485143522,0,0.0,1.0,1.0,0.0
Daniel Altmaier,2026-09-19,1508.119935910311,0.4,0.3333333333333333,0.3,6.2,120.2,0.6643528693528694,1494.5660247666783,0,0.0,0.0,1.0,0.0
Daniel Antonio Nunez,2025-09-12,1500.0,,,,,,,1516.0,1,,,,
Daniel Cukierman,2025-09-12,1486.6739781732674,0.3333333333333333,0.3333333333333333,0.3333333333333333,1.0,88.0,0.2,1476.9122703150053,0,0.0,1.0,0.0,
Daniel Elahi Galan,2025-08-24,1414.4272862242372,0.3,0.3333333333333333,0.375,6.7,128.4,0.5080547522652786,1398.117463415219,0,1.0,0.0,0.0,1.0
Daniel Evans,2025-07-21,1470.537423848643,0.6,0.6666666666666666,0.4,4.3,118.0,0.48892857142857143,1498.1204525148707,1,0.0,1.0,1.0,0.0
Daniel Masur,2025-01-31,1483.5975768486544,0.0,0.0,0.0,3.0,133.0,0.6153846153846154,1468.3523756722386,0,0.0,,,
Daniel Merida,2026-09-19,1656.3748143032913,0.7,0.6666666666666666,0.6,4.6,102.6,0.6942857142857143,1670.8710527027627,1,0.0,1.0,1.0,0.0
Daniel Phillips,2026-09-19,1500.0,,,,,,,1482.6065183295643,0,,,,
Daniel Rincon,2024-04-15,1500.0,,,,,,,1483.9435526317031,0,,,,
Daniels Tens,2025-02-01,1468.736306793522,0.0,0.0,0.0,0.0,101.5,0.7063492063492063,1439.5087711951192,0,0.0,0.0,0.0,
Daniil Glinka,2025-09-12,1500.0,,,,,,,1483.9206025056828,0,,,,
Daniil Medvedev,2026-09-29,1728.168666869744,0.7,1.0,0.7,12.1,126.8,0.7258333333333333,1741.6957951604036,1,1.0,1.0,1.0,0.0
Darian King,2025-09-12,1557.4162053715247,0.8333333333333334,1.0,1.0,2.25,89.75,0.6848484848484849,1537.3793773295906,0,1.0,1.0,1.0,1.0
Darwin Blanch,2026-09-01,1441.2833370195447,0.2222222222222222,0.0,0.25,5.777777777777778,89.22222222222223,0.5837261503928171,1437.4591211499624,0,0.0,0.0,0.0,1.0
David Ekpenyong,2025-02-01,1500.0,,,,,,,1482.5225327079283,0,,,,
David Goffin,2025-10-20,1463.8513213641777,0.3,0.6666666666666666,0.3,6.1,105.9,0.40694444444444444,1449.602090540043,0,0.0,1.0,1.0,0.0
David Jorda Sanchis,2024-04-01,1500.0,0.0,0.0,0.0,9.0,130.0,0.75,1500.7963384624084,0,1.0,,,
Davis Rolis,2024-09-14,1484.0,0.0,0.0,0.0,1.0,61.0,0.25,1469.4695015289756,0,0.0,,,
Denis Kudla,2024-04-01,1485.110209210648,0.3333333333333333,0.3333333333333333,0.5,4.0,108.0,0.40277777777777773,1472.730217136592,0,0.0,0.0,1.0,
Denis Maijorov,2026-09-19,1500.0,,,,,,,1482.5904978336296,0,,,,
Denis Shapovalov,2026-09-28,1603.923472332956,0.6,1.0,0.6,8.4,124.7,0.6048701298701299,1590.010673951812,0,1.0,1.0,1.0,0.0
Denis Yevseyev,2025-02-01,1488.1274353603317,0.3333333333333333,0.3333333333333333,0.0,4.333333333333333,117.66666666666667,0.7148962148962149,1504.6739744482475,1,0.0,0.0,1.0,
Dhakshineswar Suresh,2026-09-18,1534.2759182938548,0.6666666666666666,0.6666666666666666,0.6666666666666666,10.0,84.5,0.8642857142857142,1516.7884012132827,0,0.0,1.0,1.0,1.0
Diego Dedura,2026-06-09,1480.7487060985395,0.0,0.0,0.0,0.5,90.0,0.7083333333333333,1461.6370051253161,0,0.0,0.0,,
Diego Dedura-Palomero,2025-05-19,1511.110841885704,0.5,0.5,0.5,0.5,66.0,0.6875,1495.8542623719663,0,1.0,0.0,,
Diego Duran,2026-09-19,1516.0,1.0,1.0,1.0,4.0,69.0,0.0,1504.9766724217939,0,1.0,,,
Diego Schwartzman,2025-02-10,1383.0726599920397,0.0,0.0,0.0,1.0,114.25,0.3738095238095238,1392.967954921107,1,0.0,0.0,0.0,0.0
Dimitar Kuzmanov,2024-02-03,1500.0,,,,,,,1484.0,0,,,,
Dimitris Azoidis,2024-09-14,1500.0,,,,,,,1516.5330435054339,1,,,,
Dino Prizmic,2026-09-20,1575.2097119190519,0.5,0.6666666666666666,0.6,6.0,158.22222222222223,0.5734844322344322,1571.54157131181,0,1.0,0.0,1.0,0.0
Dmitry Popko,2025-09-12,1450.1240022526838,0.0,0.0,0.0,1.6666666666666667,116.0,0.5349206349206349,1435.594145002311,0,0.0,0.0,0.0,
Dominic Stricker,2026-09-18,1452.3957000352707,0.2,0.6666666666666666,0.3,7.333333333333333,91.0,0.34444444444444444,1446.0781893362816,0,0.0,1.0,1.0,0.0
Dominic Thiem,2024-10-21,1412.95276211029,0.2,0.0,0.25,5.2,129.1,0.4777505827505827,1399.0779094579304,0,0.0,0.0,0.0,0.0
Dominik Koepfer,2025-01-27,1490.4884197200633,0.3,0.0,0.3,3.8,103.57142857142857,0.39843749999999994,1487.4721614808689,1,0.0,0.0,0.0,0.0
Dragos Nicolae Madaras,2026-02-06,1500.0,,,,,,,1490.564473648245,0,,,,
Duje Ajdukovic,2025-01-31,1490.1376750438,0.4,0.3333333333333333,0.5,3.2222222222222223,100.66666666666667,0.3123015873015873,1505.137442801651,1,0.0,1.0,0.0,1.0
Duncan Chan,2026-08-04,1500.0,,,,,,,1488.063764168753,0,,,,
Dusan Lajovic,2026-07-14,1388.0144640857739,0.2,0.3333333333333333,0.2,2.2,98.9,0.4734920634920634,1374.6356893883526,0,0.0,0.0,1.0,0.0
Dylan Dietrich,2026-07-14,1500.0,,,,,,,1485.6061267151329,0,,,,
Edas Butvilas,2026-09-19,1536.1190228209368,0.6666666666666666,0.6666666666666666,0.75,2.6666666666666665,79.66666666666667,0.7222222222222222,1517.8832838906444,0,0.0,1.0,1.0,1.0
Edward Winter,2026-07-30,1515.6459932963307,1.0,1.0,1.0,3.0,86.0,1.0,1501.0352671437236,0,1.0,,,
Eero Vasa,2026-09-18,1421.619344508185,0.125,0.3333333333333333,0.0,4.333333333333333,84.5,0.6222222222222222,1414.4745669561087,0,0.0,1.0,0.0,0.0
Egor Gerasimov,2024-10-02,1500.0,,,,,,,1478.6476631581188,0,,,,
Elias Ymer,2026-06-08,1464.9663640473207,0.4,0.0,0.0,5.0,118.0,0.6651915985249319,1455.1937716120478,0,0.0,0.0,0.0,1.0
Eliot Spizzirri,2026-05-25,1566.3995245997799,0.6,0.3333333333333333,0.7,8.9,139.2,0.5633374561945991,1554.4661895699862,0,0.0,1.0,0.0,1.0
Elliot Benchetrit,2025-03-31,1498.9431876199824,0.5,0.3333333333333333,0.0,3.3333333333333335,112.66666666666667,0.5584415584415584,1483.3039709567386,0,1.0,0.0,0.0,1.0
Elmer Moller,2026-09-19,1497.0374855295572,0.5,0.3333333333333333,0.42857142857142855,2.6,98.22222222222223,0.5931858265191597,1513.314177567722,1,0.0,0.0,1.0,1.0
Emil Ruusuvuori,2025-10-13,1494.6524245643775,0.5,0.3333333333333333,0.4,6.7,135.1,0.6614959114959116,1481.4727090848849,0,1.0,0.0,0.0,0.0
Emilio Camacho,2026-02-06,1500.0,,,,,,,1482.6928801361457,0,,,,
Emilio Gomez,2024-02-02,1500.0,,,,,,,1484.0,0,,,,
Emilio Nava,2026-06-29,1490.947049197635,0.3,0.3333333333333333,0.0,8.8,119.3,0.7330756378124799,1480.0971289550796,0,0.0,0.0,1.0,1.0
Enmanuel Munoz,2025-09-12,1500.0,,,,,,,1482.6079208446874,0,,,,
Enzo Couacaud,2024-07-22,1500.0,,,,,,,1483.4043771812792,0,,,,
Ergi Kirkin,2025-09-12,1516.0,1.0,1.0,1.0,,,,1499.113676811901,0,1.0,,,
Ernesto Escobedo,2024-02-26,1458.8315633147276,0.0,0.0,0.0,1.6666666666666667,108.66666666666667,0.6037037037037036,1443.7602322207754,0,0.0,0.0,0.0,
Ethan Denzel Sibanda,2025-01-31,1500.0,,,,,,,1483.1773462272974,0,,,,
Ethan Quinn,2026-07-01,1551.920676494227,0.6,0.6666666666666666,0.7,8.1,112.4,0.4983245149911817,1529.1413940441555,0,1.0,0.0,1.0,1.0
Eugenio Gonzalez Fitzmaurice,2025-02-01,1500.0,,,,,,,1484.0,0,,,,
Fabian Marozsan,2026-09-27,1568.5823246731636,0.6,1.0,0.6,4.7,113.0,0.5266666666666666,1548.5252169671062,0,1.0,1.0,1.0,0.0
Fabio Fognini,2025-06-30,1396.9895510279102,0.0,0.0,0.42857142857142855,1.1,83.4,0.3661904761904762,1395.8890622274453,0,0.0,0.0,0.0,0.0
Facundo Bagnis,2025-07-27,1516.1125759635515,0.5555555555555556,0.3333333333333333,0.0,3.5555555555555554,128.0,0.7152076318742986,1518.3092219176208,0,1.0,0.0,1.0,0.0
Facundo Diaz Acosta,2026-08-31,1446.61363444273,0.3,0.3333333333333333,0.4,5.7,142.9,0.4944588744588744,1437.2605786804818,0,0.0,1.0,0.0,0.0
Fadi Bidan,2025-09-12,1484.0,0.0,0.0,0.0,,,,1500.736306793522,1,0.0,,,
Fajing Sun,2026-09-24,1466.1473620816416,0.25,0.3333333333333333,0.25,5.5,116.0,0.25,1450.7979205015945,0,0.0,0.0,1.0,0.0
Fares Zakaria,2025-09-13,1482.5083835397993,0.0,0.0,,,,,1499.3132223765188,1,0.0,,,
Faris Zakaria,2026-02-06,1500.0,,,,,,,1484.0,0,,,,
Federico Agustin Gomez,2026-07-15,1477.4163260506423,0.3333333333333333,0.3333333333333333,0.4,8.0,118.22222222222223,0.5285473785473785,1463.9699919879415,0,1.0,0.0,0.0,0.0
Federico Cina,2026-09-26,1427.1589245281555,0.2,0.3333333333333333,0.4,5.3,122.2,0.5455766455766455,1411.8647787693617,0,1.0,0.0,0.0,0.0
Federico Coria,2026-02-11,1408.1353874206577,0.3,0.3333333333333333,0.2,4.4,116.4,0.4790123456790123,1402.1549311171289,0,0.0,1.0,0.0,1.0
Federico Zeballos,2025-02-01,1500.0,0.0,0.0,0.0,,,,1468.736306793522,0,0.0,,,
Felipe Meligeni Alves,2025-02-24,1444.535848692973,0.16666666666666666,0.0,0.25,5.333333333333333,116.0,0.5605579605579606,1430.1968919704314,0,0.0,0.0,0.0,0.0
Felix Auger-Aliassime,2026-09-19,1748.7093920998636,0.7,0.6666666666666666,0.6,14.8,170.4,0.6753296703296704,1757.2461609443887,1,1.0,0.0,1.0,0.0
Felix Balshaw,2026-08-25,1500.0,,,,,,,1480.9112075974317,0,,,,
Felix Gill,2026-06-29,1481.5564680634136,0.0,0.0,0.0,12.0,135.0,0.5,1475.3405946870434,0,0.0,,,
Filip Cristian Jianu,2026-03-31,1472.9785051911851,0.25,0.3333333333333333,0.5,0.5,122.0,0.6333333333333333,1454.5808897423358,0,0.0,1.0,0.0,0.0
Filip Jeff Planinsek,2026-09-18,1548.4401817980067,1.0,1.0,1.0,8.0,136.0,0.3333333333333333,1560.1422772975668,1,1.0,1.0,1.0,
Filip Misolic,2026-09-01,1474.3216184967905,0.3,0.0,0.25,5.6,106.9,0.645397102897103,1465.8085604209725,0,0.0,0.0,0.0,1.0
Filip Pieczonka,2026-02-06,1500.0,,,,,,,1516.0,1,,,,
Flavio Cobolli,2026-09-26,1725.4829185256706,0.6,0.6666666666666666,0.6,6.7,141.2,0.5176274018379281,1709.1858495402164,0,0.0,1.0,1.0,0.0
Fnu Nidunjianzan,2026-09-19,1500.0,,,,,,,1492.1080287528853,0,,,,
Frances Tiafoe,2026-09-11,1804.782362135793,0.9,1.0,0.9,6.5,151.9,0.5502173913043478,1789.5202352119722,0,1.0,1.0,1.0,1.0
Francesco Maestrelli,2026-05-07,1477.255398177556,0.25,0.0,0.0,11.5,130.25,0.5104166666666666,1461.2198701269297,0,0.0,0.0,0.0,1.0
Francesco Passaro,2026-09-02,1448.9724548497252,0.3,0.3333333333333333,0.2,4.9,125.8,0.7169444444444444,1435.5078330911354,0,0.0,0.0,1.0,0.0
Francisco Cabral,2024-07-29,1500.0,,,,,,,1490.5299726627816,0,,,,
Francisco Cerundolo,2026-09-25,1693.8916577846858,0.6,0.6666666666666666,0.6,6.7,153.625,0.5984848484848485,1678.259582670155,0,1.0,1.0,0.0,1.0
Francisco Comesana,2026-09-01,1471.3003346245696,0.4,0.3333333333333333,0.3,7.8,151.7,0.5574358974358974,1465.5503514352774,0,0.0,1.0,0.0,1.0
Francisco Llanes,2026-09-19,1469.313503210455,0.0,0.0,0.0,,,,1486.7230053768255,1,0.0,0.0,,
Franco Roncadelli,2026-09-18,1512.4837275701154,0.5714285714285714,0.3333333333333333,0.75,1.0,116.5,0.6294191919191919,1526.4488759165747,1,0.0,1.0,0.0,1.0
Freddy Murray,2025-01-31,1500.0,,,,,,,1516.0,1,,,,
Frederico Ferreira Silva,2026-07-20,1500.0,,,,,,,1481.5188263273753,0,,,,
Fu Wang Choi,2026-09-18,1500.0,,,,,,,1479.4522806910513,0,,,,
Gabi Adrian Boitan,2024-09-13,1500.0,0.0,0.0,0.0,7.0,101.0,0.6,1501.816489117677,0,1.0,,,
Gabriel Diallo,2026-08-05,1514.7593507770396,0.4,0.3333333333333333,0.4,8.5,139.4,0.6447429114095782,1503.2324000178105,0,1.0,0.0,0.0,1.0
Gabriel Ghetu,2026-09-19,1499.9698493746369,0.5,0.5,1.0,2.0,81.0,0.25,1515.2349281337652,1,0.0,1.0,,
Gael Monfils,2026-09-03,1489.9068229461016,0.4,0.3333333333333333,0.4,8.0,122.2,0.5931792717086835,1483.2494808580705,0,1.0,0.0,0.0,1.0
Gauthier Onclin,2026-09-18,1487.1534699039166,0.3333333333333333,0.3333333333333333,1.0,2.0,121.66666666666667,0.6317460317460317,1472.5934751977072,0,0.0,1.0,0.0,
George Loffhagen,2025-06-30,1486.6888557136017,0.0,0.0,0.0,11.0,148.0,1.0,1469.3564282022296,0,0.0,,,
Georgii Kravchenko,2026-09-20,1516.0,1.0,1.0,1.0,,,,1530.5005073944576,1,1.0,,,
Gerard Campana Lee,2025-01-31,1500.0,,,,,,,1491.7617621430134,0,,,,
Gianluca Cadenasso,2026-05-07,1500.0,,,,,,,1487.6307675600467,0,,,,
Gijs Brouwer,2024-06-23,1502.22986145454,0.5,0.6666666666666666,0.6666666666666666,5.25,97.75,0.6920770202020202,1487.059974601239,0,1.0,1.0,0.0,0.0
Giles Hussey,2026-06-24,1521.756544168177,0.6666666666666666,0.6666666666666666,0.6666666666666666,1.6666666666666667,87.0,0.16666666666666666,1504.9442810067487,0,1.0,1.0,0.0,
Gilles Arnaud Bailly,2025-10-13,1479.9417672426327,0.0,0.0,0.0,1.0,76.0,0.6,1491.3406943348973,0,1.0,0.0,,
Gillian Osmont,2024-02-02,1500.0,,,,,,,1484.0,0,,,,
Giovanni Mpetshi Perricard,2026-08-31,1444.2440770333585,0.2,0.0,0.1,15.1,116.5,0.5274470899470899,1431.4310021645651,0,0.0,0.0,0.0,0.0
Giulio Zeppieri,2025-10-13,1409.7317670626571,0.2,0.3333333333333333,0.2857142857142857,7.0,125.2,0.5972222222222221,1401.6527701485447,0,1.0,0.0,0.0,0.0
Gonzalo Bueno,2026-07-23,1504.0466780592008,0.5,0.3333333333333333,1.0,1.25,116.75,0.6325757575757576,1487.9269048875512,0,1.0,0.0,0.0,1.0
Gonzalo Escobar,2024-09-14,1500.0,,,,,,,1516.0,1,,,,
Govind Nanda,2025-07-14,1500.0,0.0,0.0,0.0,1.0,60.0,0.2857142857142857,1504.8545383512962,0,1.0,,,
Gregoire Barrere,2025-01-27,1452.849367100105,0.3,0.0,0.2,3.6,111.4,0.6137336601307191,1437.7473891583136,0,0.0,0.0,0.0,0.0
Grigor Dimitrov,2026-09-19,1570.4069773920899,0.5,0.3333333333333333,0.2,10.1,148.88888888888889,0.41126984126984123,1558.6327412211956,0,1.0,0.0,0.0,0.0
Guido Andreozzi,2024-07-22,1500.0,,,,,,,1484.3723103662007,0,,,,
Gunawan Trismuwantara,2026-09-18,1484.736306793522,0.0,0.0,,,,,1471.5376455413189,0,0.0,,,
Gustavo Heide,2026-09-18,1443.230872116468,0.4,0.3333333333333333,0.4,6.8,135.8,0.7235517568850902,1457.745106150522,1,0.0,1.0,0.0,0.0
Guy Den Ouden,2026-02-12,1515.1527776693263,0.6666666666666666,0.6666666666666666,0.6666666666666666,3.0,119.0,0.8148148148148149,1505.0171996578194,0,1.0,0.0,1.0,
Hady Habib,2026-02-17,1445.3830625954272,0.3,0.3333333333333333,0.16666666666666666,9.5,105.42857142857143,0.5657051282051282,1433.6138912710278,0,0.0,1.0,0.0,0.0
Hamad Medjedovic,2026-09-19,1521.9336650723365,0.3,0.0,0.3,8.0,130.8,0.7282627865961199,1535.694226936863,1,0.0,0.0,0.0,0.0
Hamidreza Nadaf,2024-03-15,1500.0,,,,,,,1484.736306793522,0,,,,
Hamish Stewart,2026-06-23,1500.0,,,,,,,1489.1400857874307,0,,,,
Hamza Karmoussi,2024-02-03,1500.0,,,,,,,1484.0,0,,,,
Harold Mayot,2025-04-21,1392.138133333264,0.1,0.0,0.25,4.3,111.9,0.5590659340659341,1407.5908004163362,1,0.0,0.0,0.0,0.0
Harry Wendelken,2026-09-20,1457.2583012018576,0.0,0.0,0.0,5.666666666666667,171.66666666666666,0.6425925925925926,1475.2167593291556,1,0.0,0.0,0.0,
Henri Squire,2024-09-14,1477.921147736692,0.25,0.3333333333333333,0.0,6.75,127.75,0.5947552447552448,1462.7807131390452,0,0.0,0.0,0.0,1.0
Henrique Rocha,2026-07-20,1527.7321099176352,0.6,0.3333333333333333,0.4444444444444444,5.25,129.5,0.4327672327672327,1505.297888223918,0,0.0,0.0,1.0,1.0
Henry Bernet,2025-10-20,1477.8398448246849,0.0,0.0,0.0,8.0,51.0,0.0,1468.37167866306,0,0.0,,,
Henry Searle,2025-06-30,1466.6596746525888,0.0,0.0,0.0,8.5,107.0,0.5892857142857143,1451.7806138538556,0,0.0,0.0,,
Hernando Jose Escurra Isnardi,2026-09-19,1489.3262613981665,0.0,0.0,0.0,3.0,189.0,0.7333333333333333,1470.0067036930961,0,0.0,,,
Heve Kelley,2024-02-02,1500.0,,,,,,,1484.0,0,,,,
Hod'abalo Padio,2025-09-13,1484.0,0.0,0.0,0.0,,,,1485.4695015289756,0,1.0,0.0,,
Holger Rune,2026-09-19,1664.3958530039954,0.7,0.6666666666666666,0.7,6.8,112.2,0.505079365079365,1676.1700891748897,1,1.0,0.0,1.0,1.0
Hong Kit Wong,2024-02-03,1500.0,,,,,,,1516.0,1,,,,
Hubert Hurkacz,2026-09-29,1663.4190259793884,0.7,1.0,0.7,13.4,131.1,0.7659932659932659,1648.9640614510902,0,1.0,1.0,1.0,1.0
Hugo Dellien,2026-09-18,1398.4513437748922,0.2,0.3333333333333333,0.3,2.4,117.3,0.5589999999999999,1418.9990630838408,1,0.0,0.0,1.0,0.0
Hugo Gaston,2026-09-27,1459.9752915167371,0.5,0.6666666666666666,0.3,2.0,105.0,0.7055555555555555,1452.2001148563181,0,1.0,1.0,0.0,0.0
Hugo Grenier,2026-08-26,1454.2652984582319,0.3,0.6666666666666666,0.4,8.7,124.7,0.540355477855478,1442.5095421199578,0,1.0,0.0,0.0,1.0
Hugo Nys,2026-02-06,1516.736306793522,1.0,1.0,,7.0,130.0,0.875,1510.2240202485461,0,1.0,,,
Huzaifa Abdul Rehman,2025-09-12,1485.0953864802625,0.0,0.0,1.0,,,,1485.6993151402435,1,0.0,0.0,,
Hyeon Chung,2026-09-18,1494.4261718253201,0.5,0.6666666666666666,0.5,3.0,116.25,0.4642857142857143,1505.067334771847,1,1.0,0.0,0.0,1.0
Ignacio Buse,2026-09-19,1630.913004722197,0.7,0.6666666666666666,0.7,5.4,129.6,0.43564213564213566,1609.5644680396074,0,1.0,0.0,1.0,1.0
Ignacio Parisca Romera,2025-01-31,1500.0,0.0,0.0,0.0,,,,1470.1061831420425,0,0.0,,,
Igor Marcondes,2026-02-17,1500.0,,,,,,,1485.4015700789814,0,,,,
Ilie Cazac,2025-02-01,1500.0,,,,,,,1484.6703102637662,0,,,,
Iliyan Radulov,2026-09-19,1503.0463758448027,0.5,0.3333333333333333,0.5,0.6666666666666666,93.66666666666667,0.5055555555555555,1486.7696838066379,0,0.0,0.0,1.0,1.0
Ilya Snitari,2025-02-01,1467.3315091622376,0.3333333333333333,0.3333333333333333,1.0,0.5,107.0,0.5357142857142857,1502.163052413393,1,1.0,0.0,0.0,
Ioannis Xilas,2024-09-14,1516.0,1.0,1.0,1.0,0.0,83.0,0.0,1509.3616368459298,0,1.0,,,
Isaac Becroft,2025-01-06,1500.0,,,,,,,1486.1113181066175,0,,,,
Ivan Gakhov,2025-05-19,1482.0153716319014,0.0,0.0,0.0,2.0,162.0,0.7142857142857143,1466.7004424985505,0,0.0,,,
Ivan Ivanov,2026-02-06,1470.6274968454327,0.0,0.0,0.0,2.0,69.5,0.25,1457.6831633191696,0,0.0,0.0,,
J.J. Wolf,2026-08-30,1402.2564598450053,0.2,0.3333333333333333,0.125,5.0,99.7,0.5134415584415585,1396.4039691168302,0,0.0,0.0,1.0,0.0
Jack Cheng,2024-09-14,1500.0,,,,,,,1484.736306793522,0,,,,
Jack Draper,2026-08-14,1706.6700889636525,0.5,0.3333333333333333,0.6,5.1,96.1,0.34259259259259256,1680.620555207824,0,0.0,0.0,1.0,1.0
Jack Kennedy,2026-08-30,1500.0,,,,,,,1483.9146444363928,0,,,,
Jack Loutit,2025-09-13,1546.4154566994896,1.0,1.0,1.0,0.0,91.0,1.0,1528.1218125882199,0,1.0,1.0,1.0,
Jack Pinnington Jones,2026-06-30,1494.6248237270986,0.4,0.3333333333333333,0.3333333333333333,6.5,115.4,0.5577940577940578,1484.097486319441,0,0.0,1.0,0.0,0.0
Jacob Fearnley,2026-09-02,1476.0242045087834,0.4,0.6666666666666666,0.4,5.0,144.1,0.523001443001443,1463.2472615225433,0,1.0,0.0,1.0,0.0
Jaime Faria,2026-09-25,1581.984369129968,0.6,0.6666666666666666,0.6,8.11111111111111,131.66666666666666,0.5702441077441078,1559.6966889125456,0,1.0,1.0,0.0,1.0
Jakub Mensik,2026-09-25,1699.1020702647647,0.6,0.3333333333333333,0.6,12.0,122.77777777777777,0.4708333333333333,1684.6117267114562,0,1.0,0.0,0.0,1.0
James Duckworth,2026-09-24,1508.8357917280398,0.6,0.3333333333333333,0.6,7.0,120.44444444444444,0.645952380952381,1493.6460563428568,0,0.0,0.0,1.0,0.0
James McCabe,2026-06-11,1444.4448535949437,0.2222222222222222,0.3333333333333333,0.3333333333333333,7.222222222222222,118.55555555555556,0.589045214045214,1432.8352981253072,0,1.0,0.0,0.0,0.0
James Trotter,2025-10-01,1484.9554800898763,0.0,0.0,0.0,4.0,98.0,0.75,1475.53068764924,0,0.0,,,
James Watt,2026-09-19,1514.1327466917783,0.6,0.3333333333333333,0.6,10.0,88.66666666666667,0.6135531135531136,1494.1729629309277,0,1.0,0.0,0.0,1.0
Jan Choinski,2026-09-02,1428.4125648190764,0.3,0.0,0.0,8.7,122.5,0.6447835497835498,1419.6881844033624,0,0.0,0.0,0.0,0.0
Jan-Lennard Struff,2026-09-03,1581.4237385920474,0.6,0.6666666666666666,0.4,12.0,127.7,0.5118831168831168,1568.9437910870456,0,1.0,0.0,1.0,0.0
Jannik Sinner,2026-07-12,2123.836008049212,0.9,1.0,1.0,13.2,152.3,0.665873015873016,2131.8902738880056,1,1.0,1.0,1.0,1.0
Jason Kubler,2026-02-06,1471.5528536705715,0.25,0.3333333333333333,0.3333333333333333,6.5,165.5,0.4679487179487179,1488.8599735344258,1,0.0,0.0,0.0,1.0
Jaume Munar,2026-09-02,1554.5693250521363,0.4,0.6666666666666666,0.6,7.5,146.0,0.5895238095238096,1540.2872270601044,0,1.0,0.0,1.0,0.0
Javier Barranco Cosano,2024-05-20,1500.0,,,,,,,1484.5314339944573,0,,,,
Jay Clarke,2025-06-30,1500.0,,,,,,,1481.8196098649673,0,,,,
Jenson Brooksby,2026-09-27,1547.3605075333014,0.5,0.6666666666666666,0.5,3.5,110.5,0.6974506974506974,1529.1635741063228,0,1.0,1.0,0.0,0.0
Jerome Kym,2026-07-16,1549.3883325435102,0.6,0.6666666666666666,0.75,12.555555555555555,147.55555555555554,0.5198653198653198,1535.453616537196,0,1.0,1.0,0.0,1.0
Jesper De Jong,2026-08-14,1484.6121704503694,0.0,0.0,,4.0,69.0,0.25,1474.7268596086074,0,0.0,,,
Jesper de Jong,2026-09-19,1505.754108840149,0.5,0.3333333333333333,0.2,11.4,172.6,0.5832921245421245,1521.4891465602961,1,0.0,1.0,0.0,0.0
Jesse Flores,2024-02-02,1500.0,,,,,,,1484.0,0,,,,
Jia Hu,2026-09-23,1500.0,,,,,,,1483.8316980493926,0,,,,
Jie Cui,2026-09-24,1496.97435098733,0.5,0.5,1.0,2.0,,0.5714285714285714,1482.558099977187,0,0.0,1.0,,
Jiri Lehecka,2026-09-19,1721.7804960153994,0.6,0.6666666666666666,0.6,6.3,115.0,0.6433862433862435,1738.41982455524,1,1.0,0.0,1.0,1.0
Jiri Vesely,2024-01-15,1500.0,,,,,,,1485.1268268727458,0,,,,
Joao Fonseca,2026-09-18,1696.0321519452573,0.5,0.3333333333333333,0.6,5.888888888888889,118.88888888888889,0.7008818342151675,1702.3496626442463,1,0.0,1.0,0.0,1.0
Joao Lucas Reis Da Silva,2026-02-17,1483.078009167325,0.0,0.0,,5.0,76.0,0.3333333333333333,1472.7930963303384,0,0.0,,,
Joao Sousa,2024-04-01,1485.9757745204238,0.0,0.0,,1.0,68.0,0.42857142857142855,1470.1354570852138,0,0.0,,,
Joaquin  Aguilar Cardozo,2024-09-13,1500.6684908377624,0.5,0.5,0.5,0.5,79.0,0.5,1483.139342679646,0,0.0,1.0,,
Joaquin Aguilar Cardozo,2026-09-18,1485.4358728782763,0.0,0.0,,,,,1502.8091468587097,1,0.0,,,
Joel Schwaerzler,2026-07-20,1452.7953225109159,0.0,0.0,0.0,4.25,100.0,0.5549242424242424,1439.673293548161,0,0.0,0.0,0.0,0.0
Johan Alexander Rodriguez,2026-09-18,1500.0,,,,,,,1490.5992836325158,0,,,,
Johannus Monday,2025-06-30,1500.0,,,,,,,1492.774279502861,0,,,,
John Peers,2025-01-31,1500.0,,,,,,,1482.8942225700619,0,,,,
Jordan Thompson,2026-01-21,1537.47223549739,0.4,0.6666666666666666,0.4,9.9,148.5,0.656904761904762,1523.8138066162014,0,1.0,0.0,1.0,0.0
Joris De Loore,2024-02-03,1500.0,,,,,,,1484.0,0,,,,
Jozef Kovalik,2025-01-31,1499.6442103809243,0.42857142857142855,0.3333333333333333,0.3333333333333333,4.857142857142857,139.57142857142858,0.6239538239538239,1482.2857664036856,0,1.0,0.0,0.0,0.0
Juan Carlos Fuentes Vasquez,2024-09-14,1516.0,1.0,1.0,,1.0,78.0,1.0,1499.263693206478,0,1.0,,,
Juan Carlos Prado Angelo,2026-09-18,1498.1379458714973,0.5,0.3333333333333333,0.5,1.5,140.25,0.3273809523809524,1512.7803324379404,1,0.0,1.0,0.0,1.0
Juan Manuel Cerundolo,2026-09-26,1582.8917556687622,0.6,0.3333333333333333,0.6,6.1,112.1,0.6404761904761905,1570.7927600925764,0,1.0,0.0,0.0,1.0
Juan Pablo Ficovich,2025-07-27,1498.5744263438537,0.4,0.3333333333333333,0.4,3.0,108.2,0.7216880341880343,1508.8788591111604,0,1.0,1.0,1.0,0.0
Juan Pablo Varillas,2026-09-19,1416.1811503685162,0.3,0.3333333333333333,0.3333333333333333,4.111111111111111,137.25,0.6004921004921004,1435.5007080735866,1,1.0,0.0,0.0,0.0
Juncheng Shang,2026-09-24,1486.3027564550114,0.3,0.0,0.3,4.2,126.1,0.5302228327228328,1469.7736199817425,0,0.0,0.0,0.0,1.0
Jurij Rodionov,2026-09-19,1533.067622749866,0.5,0.6666666666666666,0.4444444444444444,7.6,120.33333333333333,0.6928418803418803,1552.5813554756994,1,1.0,0.0,1.0,0.0
Justin Engel,2026-05-19,1447.2948424919512,0.3,0.3333333333333333,0.2,7.0,90.2,0.7079365079365079,1438.4968953365699,0,0.0,1.0,0.0,0.0
Kaan Isik Kosaner,2026-02-06,1500.0,,,,,,,1485.5608246553443,0,,,,
Kaipo Marshall,2025-09-12,1467.4135491975305,0.25,0.3333333333333333,0.0,2.6666666666666665,121.66666666666667,0.6024346024346025,1450.2794130254815,0,0.0,0.0,0.0,1.0
Kamil Majchrzak,2026-09-26,1568.169299279628,0.4,0.6666666666666666,0.4,7.0,112.875,0.5544091710758378,1548.1424711551042,0,1.0,0.0,1.0,0.0
Karan Singh,2025-02-01,1500.0,,,,,,,1516.0,1,,,,
Karen Khachanov,2026-09-11,1628.5291534871885,0.6,1.0,0.6,8.8,145.2,0.7734086900753567,1623.2619648705522,0,1.0,1.0,1.0,1.0
Karim Bennani,2026-09-19,1533.4499644247596,0.75,0.6666666666666666,0.5,5.0,134.5,0.8125,1547.914278571272,1,0.0,1.0,1.0,1.0
Karim Ibrahim,2026-02-06,1500.0,,,,,,,1484.0,0,,,,
Karim Mabrouk,2026-09-18,1500.0,,,,,,,1483.430348365363,0,,,,
Karim-Mohamed Maamoun,2025-02-01,1500.0,,,,,,,1484.0662213967848,0,,,,
Karl Friberg,2026-09-19,1484.736306793522,0.0,0.0,0.0,7.0,110.0,0.6,1463.3833503828175,0,0.0,,,
Karol Filar,2026-02-06,1500.0,,,,,,,1516.0,1,,,,
Karue Sell,2025-05-19,1500.0,,,,,,,1486.907460012874,0,,,,
Kasidit Samrej,2026-09-19,1459.637310986413,0.0,0.0,0.0,4.0,188.0,0.5384615384615384,1479.3743647397864,1,0.0,0.0,0.0,
Kei Nishikori,2026-07-30,1537.1165131442808,0.5,0.3333333333333333,0.4,2.2,100.4,0.5520858770858772,1529.3699597869418,0,1.0,0.0,0.0,1.0
Kevin Krawietz,2024-02-02,1500.0,,,,,,,1484.0,0,,,,
Khololwam Montsi,2026-09-19,1500.0,,,,,,,1482.1928312554987,0,,,,
Khumoyun Sultanov,2025-09-13,1513.5701131039618,0.6,0.6666666666666666,0.6,6.333333333333333,87.66666666666667,0.7592592592592592,1512.041262901611,1,0.0,0.0,1.0,1.0
Ki Lung Ng,2024-09-14,1500.0,,,,,,,1484.0,0,,,,
Kilian Feldbausch,2026-07-22,1504.0322680490535,0.5,0.5,0.5,1.0,101.0,0.6375,1492.0856818946909,0,1.0,0.0,,
Kiranpal Pannu,2025-02-01,1483.9646023386795,0.3333333333333333,0.3333333333333333,0.3333333333333333,2.3333333333333335,120.33333333333333,0.6384615384615385,1466.5969365896817,0,0.0,1.0,0.0,
Kodjo Charles Alipoe-Tchotchodji,2025-09-13,1500.0,,,,,,,1483.1951611632805,0,,,,
Komlavi Loglo,2024-02-03,1500.0,1.0,1.0,1.0,3.0,77.0,1.0,1500.0,1,0.0,,,
Kris Van Wyk,2025-02-01,1500.0,0.5,0.5,0.5,4.5,145.0,0.5505050505050505,1484.0,0,0.0,1.0,,
Kristjan Tamm,2026-09-18,1468.0569191884215,0.0,0.0,0.0,8.5,136.5,0.8375,1454.0917708419622,0,0.0,0.0,,
Kwok Shun Dasson Chan,2024-02-03,1500.0,,,,,,,1484.0,0,,,,
Kyrian Jacquet,2026-09-28,1498.5759159842632,0.5,1.0,0.5,6.2,111.6,0.6194696969696969,1489.7093806718647,0,1.0,1.0,1.0,0.0
Laslo Djere,2026-07-21,1439.4539897447328,0.1,0.3333333333333333,0.4,6.4,129.9,0.5773809523809523,1427.5457558066341,0,0.0,1.0,0.0,0.0
Lautaro Midon,2026-07-16,1494.8783806517058,0.5,0.5,0.5,4.5,118.0,0.5852272727272727,1482.3865783647293,0,1.0,0.0,,
Leandro Riedi,2026-02-06,1525.578074556794,0.5,0.6666666666666666,0.5714285714285714,6.8,109.4,0.6563492063492062,1540.4022841278017,1,1.0,0.0,1.0,1.0
Learner Tien,2026-09-27,1735.3284750508396,0.6,0.6666666666666666,0.6,3.3,125.88888888888889,0.486984126984127,1727.595940446206,0,1.0,0.0,1.0,0.0
Leo Borg,2025-10-13,1494.7155570109862,0.42857142857142855,0.6666666666666666,0.5,2.25,81.0,0.33035714285714285,1496.976911223691,0,1.0,1.0,0.0,0.0
Leo Matthysen,2025-09-13,1500.0,,,,,,,1484.736306793522,0,,,,
Li Tu,2025-03-03,1443.2776371200985,0.14285714285714285,0.3333333333333333,0.16666666666666666,4.0,106.85714285714286,0.6582270069112174,1428.0630758430204,0,0.0,1.0,0.0,0.0
Liam Broady,2024-07-01,1469.946980858015,0.25,0.3333333333333333,0.0,4.0,102.25,0.7114145658263304,1452.4924308056334,0,0.0,0.0,0.0,1.0
Liam Draxl,2026-09-18,1464.8023071900795,0.375,0.0,0.42857142857142855,5.375,124.5,0.49995421245421245,1486.524093273326,1,0.0,0.0,0.0,1.0
Linh Giang Trinh,2024-02-02,1500.0,0.0,0.0,0.0,0.0,101.0,0.6428571428571429,1468.0,0,0.0,,,
Liova Ajavon,2025-02-01,1515.263693206478,1.0,1.0,1.0,0.0,104.0,0.5,1498.5612260339533,0,1.0,,,
Lloyd Harris,2026-09-27,1540.603677373803,0.6,0.6666666666666666,0.5714285714285714,17.9,157.1,0.6004772279282083,1528.9695829122495,0,1.0,1.0,0.0,1.0
Lorenzo Musetti,2026-09-03,1738.037370026853,0.7,0.6666666666666666,0.7,3.7,101.7,0.6005050505050505,1712.0181885005866,0,1.0,0.0,1.0,1.0
Lorenzo Sonego,2026-09-25,1541.635263750783,0.5,0.3333333333333333,0.5,9.1,126.5,0.622895622895623,1525.1394180301272,0,1.0,0.0,0.0,1.0
Louis Van Herck,2026-09-18,1484.0,0.0,0.0,,1.0,103.0,0.0,1470.2076777407726,0,0.0,,,
Luca Nardi,2026-05-07,1474.3962991191695,0.4,0.3333333333333333,0.2222222222222222,4.4,103.7,0.7189102564102565,1459.4378853886662,0,0.0,0.0,1.0,1.0
Luca Preda,2024-02-03,1500.0,,,,,,,1484.0,0,,,,
Luca Van Assche,2026-09-02,1517.4146720908077,0.6,0.3333333333333333,0.4,3.6,140.3,0.5638852813852814,1503.2255824382894,0,1.0,0.0,0.0,0.0
Lucas Catarina,2026-09-18,1500.0,,,,,,,1482.2162896872362,0,,,,
Lucas Miedler,2024-02-03,1500.0,,,,,,,1516.0,1,,,,
Lucas Pouille,2025-01-27,1489.8927256777279,0.375,0.3333333333333333,0.25,5.142857142857143,124.28571428571429,0.5017006802721088,1472.8008786197925,0,0.0,1.0,0.0,1.0
Luciano Darderi,2026-09-07,1637.4943114258779,0.7,1.0,0.7,5.9,126.6,0.6029567382508559,1631.6723071654717,0,1.0,1.0,1.0,0.0
Lucky Candra Kurniawan,2026-09-19,1484.0,0.0,0.0,,,,,1468.7349212408717,0,0.0,,,
Luis Carlos Alvarez,2025-09-12,1491.888782588405,0.5,0.5,0.5,0.5,84.5,0.7142857142857143,1477.041826665005,0,1.0,0.0,,
Luis Guto Miguel,2026-02-18,1500.0,,,,,,,1485.2299404099526,0,,,,
Luka Mikrut,2024-07-22,1500.0,,,,,,,1481.8975035484198,0,,,,
Luka Pavlovic,2026-05-24,1485.5944046841528,0.0,0.0,,8.0,95.0,0.6666666666666666,1477.949800490136,0,0.0,,,
Lukas Klein,2025-09-12,1453.3897795013518,0.3,0.3333333333333333,0.3,8.444444444444445,110.33333333333333,0.5148148148148148,1438.9895115617492,0,0.0,0.0,1.0,0.0
Lukas Neumayer,2026-09-18,1505.7399348313177,0.6,0.3333333333333333,0.42857142857142855,3.0,119.0,0.621947496947497,1493.9266276468588,0,0.0,0.0,1.0,0.0
Lukas Pokorny,2024-02-02,1500.0,,,,,,,1514.6007781761145,1,,,,
M Rifki Fitriadi,2025-02-01,1532.0,1.0,1.0,1.0,3.5,83.5,0.6666666666666666,1514.5304984710244,0,1.0,1.0,,
Mackenzie McDonald,2026-07-28,1424.807839822239,0.2,0.3333333333333333,0.2,3.9,94.5,0.5345616883116883,1416.1257658349846,0,0.0,0.0,1.0,0.0
Maks Kasnikowski,2026-09-19,1513.3200785694187,0.6,0.6666666666666666,0.5,5.666666666666667,146.0,0.6523809523809524,1497.6587319697182,0,1.0,1.0,0.0,0.0
Manuel Guinard,2025-02-10,1492.4172744232683,0.3333333333333333,0.3333333333333333,0.3333333333333333,6.666666666666667,106.66666666666667,0.4621212121212121,1479.6676728794444,0,1.0,0.0,0.0,
Marc Polmans,2026-06-23,1466.6073736400754,0.0,0.0,0.0,5.5,142.5,0.5681818181818181,1454.609168057157,0,0.0,0.0,,
Marc Van Der Merwe,2025-09-13,1500.0,,,,,,,1484.6582969658205,0,,,,
Marc-Andrea Huesler,2026-04-13,1427.7760060881762,0.3,0.0,0.5,7.555555555555555,110.77777777777777,0.5891975308641976,1418.3722102782358,0,0.0,0.0,0.0,1.0
Marcelo Arevalo,2025-09-13,1511.7954639460577,0.6,0.3333333333333333,0.6666666666666666,2.6666666666666665,93.0,0.5357142857142857,1495.2524713602033,0,1.0,0.0,1.0,0.0
Marco Cecchinato,2026-07-14,1500.0,,,,,,,1483.5630598840708,0,,,,
Marco Trungelliti,2026-09-03,1493.5071145854563,0.4,0.6666666666666666,0.3333333333333333,5.5,142.6,0.6109356725146199,1484.0828025119006,0,1.0,0.0,1.0,0.0
Marcos Giron,2026-09-02,1467.6126036352246,0.3,0.0,0.2,5.9,123.6,0.6057142857142856,1458.5542705246928,0,0.0,0.0,0.0,0.0
Marcos Lee Chan Baratau,2024-09-14,1500.0,,,,,,,1482.5059436646811,0,,,,
Mariano Navone,2026-09-04,1628.3844775842647,0.6,0.6666666666666666,0.6,2.5,132.9,0.5837301587301587,1609.2646405547948,0,1.0,1.0,0.0,0.0
Marin Cilic,2026-08-15,1542.6538774031633,0.4,0.3333333333333333,0.5,5.9,122.4,0.5404978354978355,1530.6470752266414,0,0.0,1.0,0.0,0.0
Marius Copil,2024-02-03,1500.0,,,,,,,1485.4855624711656,0,,,,
Mark Lajal,2026-08-14,1516.9981813202298,0.5,0.3333333333333333,0.5,6.833333333333333,130.0,0.502104377104377,1502.525862967846,0,0.0,0.0,1.0,1.0
Marko Topo,2026-07-14,1455.3337656955716,0.0,0.0,0.0,1.6666666666666667,102.33333333333333,0.5617201426024955,1441.6673610921453,0,0.0,0.0,0.0,
Markus Molder,2026-09-18,1515.3296897362338,1.0,1.0,,,,,1497.9564157558004,0,1.0,,,
Martin Antonio Vergara Del Puerto,2024-02-03,1500.0,,,,,,,1484.0,0,,,,
Martin Antonio Vergara del Puerto,2025-09-12,1500.0,,,,,,,1483.3140379263207,0,,,,
Martin Damm,2026-09-26,1530.0792474455507,0.4,0.3333333333333333,0.4,13.4,124.9,0.6478138528138528,1518.3957034585067,0,1.0,0.0,0.0,1.0
Martin Klizan,2025-03-31,1500.0,,,,,,,1482.4225667550809,0,,,,
Martin Krumich,2026-07-14,1500.0,,,,,,,1484.0,0,,,,
Martin Landaluce,2026-09-20,1453.0222859288624,0.2,0.0,0.5,7.3,145.9,0.637739898989899,1471.1274619417716,1,0.0,0.0,0.0,1.0
Martins Rocens,2024-02-02,1500.0,,,,,,,1486.4950703154168,0,,,,
Marton Fucsovics,2026-08-30,1502.0214888277967,0.3,0.0,0.4,3.3,108.0,0.5369444444444444,1492.348443061687,0,0.0,0.0,0.0,1.0
Martyn Pawelski,2025-01-31,1516.0,1.0,1.0,1.0,,,,1497.869911281273,0,1.0,,,
Matavao Fanguna,2024-02-02,1500.0,,,,,,,1484.0,0,,,,
Mate Valkusz,2024-09-13,1467.515632792126,0.3333333333333333,0.3333333333333333,1.0,6.5,115.5,0.47435897435897434,1469.6972626907457,1,0.0,0.0,0.0,
Matej Dodig,2026-09-19,1455.5899939427077,0.2857142857142857,0.0,0.3333333333333333,3.6,100.6,0.5484920634920635,1453.6151016854362,0,0.0,0.0,0.0,0.0
Matheus Pucinelli De Almeida,2026-09-19,1488.3174689944613,0.0,0.0,0.0,,,,1473.5640989613619,0,0.0,,,
Matheus Pucinelli de Almeida,2026-02-06,1500.0,,,,,,,1487.6451388861417,0,,,,
Matias Soto,2026-09-20,1499.0021665424936,0.5,0.5,0.5,2.0,119.0,0.41666666666666663,1480.8969905295844,0,0.0,1.0,,
Matic Kriznik,2024-02-02,1500.0,0.0,0.0,0.0,1.0,118.0,0.4,1468.0947913746415,0,0.0,,,
Matiej Reiter,2026-09-19,1500.0,,,,,,,1484.0,0,,,,
Matteo Arnaldi,2026-08-31,1503.5018074352804,0.3,0.3333333333333333,0.2,6.333333333333333,132.77777777777777,0.495679012345679,1488.513861052427,0,0.0,0.0,1.0,0.0
Matteo Berrettini,2026-09-02,1626.7774009606653,0.6,0.6666666666666666,0.6,13.0,185.1,0.6161363636363636,1610.0830423451414,0,1.0,0.0,1.0,0.0
Matteo Gigante,2025-07-27,1523.9624117669875,0.5,0.6666666666666666,0.3333333333333333,5.3,124.0,0.660470362970363,1523.3710385122495,1,0.0,1.0,0.0,1.0
Matteo Martineau,2024-06-10,1500.0,,,,,,,1483.4074049338783,0,,,,
Matthew Ebden,2024-07-29,1500.0,,,,,,,1493.567392448958,0,,,,
Matthew Forbes,2024-08-26,1500.0,,,,,,,1481.2185987743183,0,,,,
Mattia Bellucci,2026-09-24,1504.6776684528215,0.4,0.3333333333333333,0.3,7.9,123.2,0.6204761904761905,1490.9540207059222,0,0.0,1.0,0.0,1.0
Matyas Fuele,2026-02-06,1500.0,,,,,,,1483.298784277589,0,,,,
Max Basing,2026-06-29,1500.0,,,,,,,1478.407527454014,0,,,,
Max Dahlin,2026-09-20,1483.869641868129,0.0,0.0,,5.0,111.0,0.42857142857142855,1468.9394411181777,0,0.0,,,
Max Hans Rehberg,2024-04-15,1500.0,,,,,,,1483.2439025866101,0,,,,
Max Purcell,2024-08-26,1469.1761932999116,0.6,0.3333333333333333,0.4,8.7,100.5,0.6296296296296297,1479.5649326189039,1,0.0,1.0,0.0,0.0
Max Schoenhaus,2026-06-15,1488.3004946771205,0.0,0.0,,5.0,137.0,0.3333333333333333,1481.991893151982,0,0.0,,,
Maxim Mrva,2026-02-06,1516.0,1.0,1.0,1.0,,,,1499.3106507923299,0,1.0,,,
Maxim Shin,2024-02-02,1500.0,,,,,,,1484.0,0,,,,
Maxime Cressy,2024-07-29,1468.62275760601,0.25,0.3333333333333333,0.0,10.25,137.0,0.6352813852813852,1449.8645389580854,0,1.0,0.0,0.0,0.0
Maxime Janvier,2024-07-01,1500.0,,,,,,,1484.9539260660015,0,,,,
Maximilian Marterer,2025-05-26,1448.1802400409538,0.5,0.6666666666666666,0.3333333333333333,6.111111111111111,93.71428571428571,0.5643939393939393,1430.1410706843346,0,1.0,1.0,0.0,0.0
Maximus Jones,2026-09-19,1454.7849858807667,0.0,0.0,0.0,3.0,77.0,0.5833333333333334,1439.947568945361,0,0.0,0.0,0.0,
Mees Rottgering,2026-08-27,1491.6695428825792,0.4,0.6666666666666666,0.5,4.2,105.8,0.6667277167277168,1480.3846973698248,0,1.0,1.0,0.0,0.0
Menelaos Efstathiou,2026-09-20,1483.3430970127292,0.4,0.3333333333333333,0.4,1.0,78.0,0.4,1468.8425896182716,0,0.0,1.0,0.0,1.0
Mert Alkaya,2026-09-20,1505.9611574765,0.5,0.5,0.0,2.5,107.0,0.6375,1497.5640199068598,0,0.0,1.0,,
Mert Naci Turker,2025-02-01,1500.0,,,,,,,1516.0,1,,,,
Michael Agwi,2025-09-13,1518.1557128534662,0.6,1.0,0.3333333333333333,6.0,95.25,0.47916666666666663,1517.2357248632275,0,1.0,1.0,1.0,1.0
Michael Bassem Sobhy,2026-02-06,1500.0,0.5,0.5,0.0,2.0,109.0,0.5,1483.8706301760985,0,1.0,0.0,,
Michael Emmanuel,2026-09-20,1500.0,,,,,,,1484.0,0,,,,
Michael Mmoh,2026-01-09,1539.2161855105094,0.6,0.6666666666666666,0.6,7.4,106.9,0.655,1523.246461614593,0,1.0,1.0,0.0,1.0
Michael Zheng,2026-09-24,1532.9157223675836,0.5,0.6666666666666666,0.5,5.4,128.6,0.6539502164502164,1513.5831641989348,0,0.0,1.0,1.0,0.0
Miguel Damas,2026-07-14,1500.0,,,,,,,1485.538446341642,0,,,,
Mika Brunold,2026-02-06,1500.0,,,,,,,1514.5188554797905,1,,,,
Mikael Ymer,2025-10-13,1475.1304737021942,0.0,0.0,0.0,2.0,77.0,0.5,1459.696719681376,0,0.0,0.0,,
Mikhail Kukushkin,2025-01-27,1471.2938618887947,0.3333333333333333,0.0,0.4,2.6666666666666665,101.33333333333333,0.5515873015873015,1456.2105799986975,0,0.0,0.0,1.0,1.0
Mili Poljicak,2025-07-21,1482.6047542007968,0.0,0.0,0.0,5.0,196.0,0.5714285714285714,1470.167169911982,0,0.0,,,
Milos Raonic,2024-07-29,1540.377378420513,0.6,0.3333333333333333,0.75,17.22222222222222,91.77777777777777,0.5535714285714286,1522.9528156713436,0,1.0,0.0,1.0,1.0
MinKyu Song,2024-09-13,1500.0,,,,,,,1484.0,0,,,,
Miomir Kecmanovic,2026-09-24,1505.4865758844546,0.4,0.3333333333333333,0.4,3.3,122.9,0.603535631035631,1487.2819015101004,0,1.0,0.0,0.0,1.0
Mirza Basic,2026-02-06,1482.7225957299747,0.25,0.0,0.25,4.0,70.0,0.6363636363636364,1486.5032261086612,0,1.0,0.0,1.0,0.0
Mitchell Krueger,2025-07-14,1463.5161242191805,0.3333333333333333,0.3333333333333333,0.375,6.888888888888889,156.11111111111111,0.5300505050505051,1447.7136810624413,0,0.0,0.0,1.0,0.0
Moez Echargui,2026-09-18,1497.444755330187,0.5,0.0,0.5555555555555556,6.5,96.85714285714286,0.6951144094001237,1512.1082014159658,1,0.0,0.0,0.0,0.0
Mohamed Safwat,2025-02-01,1515.3099865615811,0.5,0.3333333333333333,0.5,2.0,216.0,0.6,1513.9699958329038,0,1.0,0.0,1.0,1.0
Moise Kouame,2026-09-24,1476.665594061612,0.3333333333333333,0.0,0.25,6.444444444444445,144.77777777777777,0.6491103848946986,1458.2628734338125,0,0.0,0.0,0.0,1.0
Mubarak Shannan Zayid,2026-02-16,1500.0,,,,,,,1483.5154331174128,0,,,,
Muhammad Shoaib,2026-09-18,1468.736306793522,0.0,0.0,0.0,3.0,74.0,0.5763888888888888,1450.9373604457976,0,0.0,0.0,,
Mukund Sasikumar,2025-02-01,1500.0,,,,,,,1516.7024671725246,1,,,,
Murkel Dellien,2024-09-13,1516.0,1.0,1.0,1.0,3.0,48.0,,1500.000327279764,0,1.0,,,
Murphy Cassone,2026-06-24,1486.6011739890696,0.0,0.0,,11.0,140.0,0.6666666666666666,1470.6864277026673,0,0.0,,,
Muzammil Murtaza,2026-09-18,1468.3540642056946,0.0,0.0,0.0,,,,1453.6906181199158,0,0.0,0.0,,
N.Sriram Balaji,2024-09-14,1516.0,1.0,1.0,,8.0,75.0,,1497.3462216095154,0,1.0,,,
Nam Hoang Ly,2024-02-02,1500.0,1.0,1.0,1.0,0.0,159.0,0.4,1532.0,1,1.0,,,
Nerman Fatic,2026-09-20,1497.8373596999354,0.5,0.5,1.0,5.0,131.5,0.5138888888888888,1513.9369516800243,1,0.0,1.0,,
Nicholas David Ionel,2024-02-03,1500.0,,,,,,,1484.0,0,,,,
Nick Hardt,2026-09-19,1504.1945929568385,0.5,0.6666666666666666,0.5,1.3333333333333333,113.66666666666667,0.33174603174603173,1520.0014341972578,1,1.0,0.0,0.0,1.0
Nick Kyrgios,2026-06-22,1449.8021317651612,0.25,0.3333333333333333,0.5,11.25,99.25,0.4145021645021645,1434.2981764917492,0,0.0,1.0,0.0,0.0
Nicolai Budkov Kjaer,2026-09-18,1465.858373683434,0.2,0.3333333333333333,0.5,4.1,71.8,0.3985119047619048,1484.1169727486808,1,0.0,0.0,1.0,1.0
Nicolas Arseneault,2025-07-27,1500.0,0.0,0.0,0.0,9.0,94.0,0.6666666666666666,1502.1587077165686,0,1.0,,,
Nicolas Jarry,2026-02-24,1444.3721773777663,0.4,0.0,0.2,18.2,153.9,0.5917508417508418,1429.9704007405576,0,0.0,0.0,0.0,0.0
Nicolas Mejia,2026-09-18,1456.478706195886,0.4,0.3333333333333333,0.1111111111111111,4.0,141.7,0.583640578738618,1443.665638125571,0,0.0,0.0,1.0,0.0
Nicolas Moreno De Alboran,2025-05-05,1473.0600829654202,0.4,0.6666666666666666,0.4,5.9,123.2,0.7213403880070547,1456.495148623826,0,1.0,1.0,0.0,0.0
Niels McDonald,2026-07-14,1500.0,,,,,,,1482.1461464394652,0,,,,
Niki Kaliyanda Poonacha,2024-02-03,1500.0,,,,,,,1516.0,1,,,,
Nikolas Sanchez Izquierdo,2024-05-20,1500.0,,,,,,,1485.3295120112193,0,,,,
Nikoloz Basilashvili,2026-09-28,1517.548391515699,0.6,1.0,0.6,7.4,106.9,0.4172619047619048,1508.8366866804272,0,1.0,1.0,1.0,0.0
Nishesh Basavareddy,2026-09-01,1488.0873673670699,0.5,0.3333333333333333,0.5,6.9,136.9,0.6479761904761905,1468.8913114966192,0,0.0,1.0,0.0,0.0
Norbert Gombos,2026-09-20,1492.2301821588608,0.42857142857142855,0.3333333333333333,0.3333333333333333,5.666666666666667,112.2,0.5533333333333333,1506.98155274207,1,0.0,0.0,1.0,0.0
Novak Djokovic,2026-08-30,1849.0895916335091,0.7,0.3333333333333333,0.7,10.5,198.6,0.7073559773559774,1822.8433636009222,0,0.0,0.0,1.0,1.0
Nuno Borges,2026-09-19,1627.7695530901005,0.6,0.3333333333333333,0.6,8.5,116.3,0.6188512105178772,1638.7928806683067,1,0.0,0.0,1.0,1.0
Ofek Shimanov,2026-02-06,1515.2452011764158,1.0,1.0,1.0,,,,1499.0287221587378,0,1.0,,,
Ognjen Milic,2026-09-20,1484.0181747814393,0.0,0.0,,9.0,132.0,0.2,1501.4490999110128,1,0.0,,,
Olaf Pieczkowski,2025-09-12,1500.0,0.0,0.0,0.0,10.0,81.0,0.0,1473.8243522990165,0,0.0,,,
Oleksandr Ovcharenko,2026-02-06,1483.6920163086245,0.3333333333333333,0.3333333333333333,0.3333333333333333,,,,1500.4424756576188,1,0.0,1.0,0.0,
Oleksii Krutykh,2026-09-19,1470.7773497514877,0.25,0.3333333333333333,0.0,2.0,100.0,0.5833333333333333,1488.1527890937734,1,0.0,1.0,0.0,0.0
Oliver Crawford,2025-06-30,1500.0,,,,,,,1483.2346729748747,0,,,,
Oliver Ojakaar,2025-01-31,1531.263693206478,1.0,1.0,1.0,4.5,92.0,1.0,1545.8278203282016,1,1.0,1.0,,
Oliver Tarvet,2026-06-29,1514.356555036754,0.5,0.5,0.5,4.0,137.5,0.4,1501.4736649884373,0,0.0,1.0,,
Olle Wallin,2026-09-20,1516.1976378228303,0.6,0.6666666666666666,0.6,5.6,107.4,0.5124675324675325,1494.4353775143584,0,1.0,1.0,0.0,0.0
Omar Jasika,2025-01-13,1486.1408839682597,0.0,0.0,0.0,3.0,131.0,0.5714285714285714,1470.305073485757,0,0.0,,,
Omar Kandil,2026-09-19,1500.0,,,,,,,1484.1931587595807,0,,,,
Omni Kumar,2024-08-18,1500.0,,,,,,,1485.2116672115512,0,,,,
Orel Kimhi,2026-09-18,1452.7651550599874,0.0,0.0,0.0,1.0,110.33333333333333,0.5555555555555555,1441.0630595604273,0,0.0,0.0,0.0,
Orlando Luz,2026-07-21,1500.0,,,,,,,1487.7071565901563,0,,,,
Oscar Otte,2024-06-17,1500.0,,,,,,,1493.3669855372063,0,,,,
Osgar O'Hoisin,2025-01-31,1484.4227027271527,0.0,0.0,0.0,11.0,69.0,0.3333333333333333,1501.1395834874404,1,0.0,,,
Otto Virtanen,2026-09-19,1478.889266009977,0.4,0.3333333333333333,0.4,11.0,140.33333333333334,0.6185885465297231,1470.017259174733,0,1.0,0.0,0.0,1.0
Pablo Carreno Busta,2026-08-30,1509.0971487142122,0.4,0.3333333333333333,0.3,3.6,116.1,0.5826922351432154,1501.2139560471005,0,0.0,0.0,1.0,0.0
Pablo Llamas Ruiz,2026-06-30,1510.1789272765736,0.4,0.3333333333333333,0.5,2.4,136.9,0.5983581111870585,1493.382471469827,0,0.0,0.0,1.0,1.0
Patrick Agbo-Panzo,2025-09-13,1497.9271016831572,0.3333333333333333,0.3333333333333333,0.3333333333333333,,,,1466.8645321506458,0,0.0,0.0,1.0,
Patrick Kypson,2026-07-02,1423.6069421450825,0.2,0.3333333333333333,1.0,8.4,129.3,0.5488888888888888,1419.0590944635098,0,1.0,0.0,0.0,0.0
Patrick Zahraj,2025-07-14,1500.0,,,,,,,1481.8074505038878,0,,,,
Paul Jubb,2024-07-01,1523.5327426017168,0.75,0.6666666666666666,0.75,3.25,92.75,0.6944444444444445,1506.4257566638212,0,1.0,1.0,1.0,0.0
Pavel Kotov,2025-03-31,1430.2206484151925,0.2,0.0,0.5,5.4,127.7,0.6480816569051864,1417.8673449349815,0,0.0,0.0,0.0,0.0
Pedro Cachin,2024-07-15,1375.0015831612402,0.2,0.0,0.2,3.3,112.9,0.5104761904761904,1368.899993447193,0,0.0,0.0,0.0,1.0
Pedro Martinez,2026-07-23,1402.0900533458728,0.3,0.3333333333333333,0.4,0.9,121.4,0.5045454545454545,1395.5259100661451,0,1.0,0.0,0.0,0.0
Petar Jovanovic,2025-01-31,1500.0,0.0,0.0,0.0,,,,1468.0979939542513,0,0.0,,,
Peter Bertran,2025-09-12,1515.263693206478,1.0,1.0,,,,,1497.8073296333282,0,1.0,,,
Peter Buldorini,2025-09-13,1500.0,,,,,,,1482.277730812201,0,,,,
Peter Makk,2026-09-19,1500.0,,,,,,,1516.0,1,,,,
Petr Nesterov,2025-01-31,1500.0,0.5,0.5,1.0,2.5,107.5,0.4833333333333333,1485.4536797426847,0,0.0,1.0,,
Petros Chrysochos,2024-02-03,1500.0,,,,,,,1484.0,0,,,,
Petros Tsitsipas,2024-07-29,1500.0,,,,,,,1486.1859817299774,0,,,,
Philip Henning,2026-09-19,1502.7129948736467,0.5,0.6666666666666666,0.75,2.25,107.25,0.38825757575757575,1485.470197568635,0,1.0,1.0,0.0,0.0
Philip Hjorth,2024-09-14,1500.0,,,,,,,1484.0,0,,,,
Photos Photiades,2026-09-19,1500.0,,,,,,,1484.0,0,,,,
Pierre-Hugues Herbert,2026-08-25,1407.8311388787415,0.2,0.0,0.3333333333333333,9.0,135.7,0.5516575091575092,1397.005532647799,0,0.0,0.0,0.0,0.0
Pijus Vaitiekunas,2026-09-20,1515.1735597167249,1.0,1.0,1.0,,,,1497.7426345871513,0,1.0,,,
Quentin Halys,2026-09-26,1594.110717574176,0.6,0.3333333333333333,0.5,13.3,133.9,0.7071428571428572,1573.6932463938429,0,0.0,0.0,1.0,0.0
Quinn Vandecasteele,2026-08-24,1500.0,,,,,,,1482.2621337850783,0,,,,
Radu Albot,2025-03-31,1483.7255347173748,0.3,0.3333333333333333,0.75,3.2,135.9,0.5118822843822844,1469.5344921728647,0,0.0,1.0,0.0,0.0
Radu David Turcanu,2026-03-31,1544.963600683775,1.0,1.0,1.0,7.0,166.0,0.6923076923076923,1528.8245246315453,0,1.0,1.0,1.0,
Radu Mihai Papoe,2026-09-18,1500.0,,,,,,,1516.0,1,,,,
Rafael De Alba,2025-02-01,1500.0,,,,,,,1484.0,0,,,,
Rafael Jodar,2026-09-25,1756.3089758224803,0.7,0.3333333333333333,0.6,3.0,110.4,0.5663257575757576,1768.1536444532583,1,1.0,0.0,0.0,1.0
Rafael Nadal,2024-11-19,1584.1393151495433,0.6,0.3333333333333333,0.6666666666666666,1.9,137.125,0.6173721340388006,1562.9292802026248,0,0.0,1.0,0.0,1.0
Rafalentino Ali Da Costa,2026-09-18,1500.0,,,,,,,1484.0,0,,,,
Ramkumar Ramanathan,2025-02-01,1481.050743929628,0.3333333333333333,0.3333333333333333,0.0,14.0,96.0,0.5833333333333333,1499.3140899074158,1,0.0,0.0,1.0,
Raphael Calzi,2026-02-06,1500.0,,,,,,,1483.2495406510056,0,,,,
Raphael Collignon,2026-08-31,1552.6365123173216,0.4,0.0,0.3,7.6,125.5,0.6227777777777778,1533.534754659403,0,0.0,0.0,0.0,0.0
Raul Brancaccio,2026-05-18,1500.0,,,,,,,1482.2205261786717,0,,,,
Raul Garcia,2025-02-01,1500.0,,,,,,,1484.736306793522,0,,,,
Reda Bennani,2026-03-31,1497.4140992900868,0.5,0.5,0.5,2.5,153.0,0.6770833333333333,1479.2481650553357,0,0.0,1.0,,
Rei Sakamoto,2026-09-19,1456.452108176946,0.2222222222222222,0.3333333333333333,0.2222222222222222,11.777777777777779,142.77777777777777,0.5151675485008819,1474.2905338991295,1,0.0,1.0,0.0,1.0
Reilly Opelka,2026-05-24,1529.934436565732,0.4,0.0,0.25,19.1,103.9,0.7233164983164984,1509.8429138519004,0,0.0,0.0,0.0,1.0
Remy Bertola,2026-09-19,1515.4426731173355,0.6666666666666666,0.6666666666666666,0.6666666666666666,3.0,75.0,0.25,1530.196043150435,1,0.0,1.0,1.0,
Ricardas Berankis,2024-02-03,1500.0,1.0,1.0,1.0,1.0,175.0,0.8125,1530.5304984710244,1,1.0,,,
Ricardo Rodriguez - Pace,2025-01-31,1500.0,,,,,,,1483.760431111422,0,,,,
Richard Gasquet,2025-05-26,1420.6932054548113,0.4,0.6666666666666666,0.3,4.0,122.6,0.5625226625226625,1437.0304835685583,1,0.0,1.0,0.0,1.0
Richard Mallory,2026-09-19,1500.0,,,,,,,1482.6163170624052,0,,,,
Rigele Te,2026-09-18,1484.0,0.0,0.0,,5.0,158.0,0.6363636363636364,1476.3917140265037,0,0.0,,,
Rinky Hijikata,2026-09-25,1524.445672838816,0.5,0.6666666666666666,0.5,3.7,132.5,0.48760683760683765,1513.8587118833584,0,1.0,0.0,1.0,0.0
Robert Strombachs,2025-02-01,1484.0,0.5,0.5,0.5,3.0,75.0,0.625,1516.7023986633528,1,1.0,0.0,,
Roberto Bautista Agut,2026-06-29,1452.8034201508694,0.2,0.0,0.5,2.1,93.6,0.5170634920634921,1446.7939681745138,0,0.0,0.0,0.0,1.0
Roberto Carballes Baena,2026-02-17,1462.3109233182201,0.3,0.3333333333333333,0.3,2.8,121.8,0.6096681749622925,1446.4059123433015,0,0.0,1.0,0.0,0.0
Roberto Cid Subervi,2026-09-18,1513.1942120519873,0.6666666666666666,0.6666666666666666,0.0,,,,1528.5868880602945,1,0.0,1.0,1.0,
Robin Haase,2024-07-29,1500.0,,,,,,,1482.164501842465,0,,,,
Rodrigo Crespo Piedra,2024-02-02,1500.0,,,,,,,1484.0,0,,,,
Rodrigo Pacheco Mendez,2026-07-30,1519.0907956305123,0.6,0.6666666666666666,0.6,4.714285714285714,122.28571428571429,0.5158730158730158,1503.163265782922,0,1.0,0.0,1.0,0.0
Romain Arneodo,2025-09-13,1500.3113920350665,0.5,0.5,1.0,3.0,150.0,0.6666666666666666,1484.2970519057458,0,0.0,1.0,,
Roman Andres Burruchaga,2026-08-31,1518.0339732386283,0.5,0.0,0.0,4.2,116.8,0.5446031746031745,1502.4577484950073,0,0.0,0.0,0.0,1.0
Roman Safiullin,2026-09-28,1531.256686440049,0.6,1.0,0.5,7.8,146.9,0.6821869488536154,1523.1872016157197,0,1.0,1.0,1.0,0.0
Ronan Tashinga Mtisi,2025-01-31,1500.0,,,,,,,1484.0,0,,,,
Rowland Phillips,2025-02-01,1468.0,0.0,0.0,0.0,2.5,150.0,0.3125,1471.5611325013701,0,1.0,0.0,0.0,
Rubin Statham,2024-09-14,1500.0,,,,,,,1484.6719469132738,0,,,,
Rudolf Molleker,2024-07-15,1499.6917407473024,0.5,0.5,0.5,5.0,81.5,0.7222222222222222,1482.5655639409456,0,1.0,0.0,,
Saba Purtseladze,2025-01-31,1468.4855346406785,0.25,0.3333333333333333,0.25,6.5,114.5,0.4305555555555556,1453.0985601672562,0,0.0,0.0,0.0,1.0
Samuel Heredia,2026-09-19,1500.0,,,,,,,1484.2649622798529,0,,,,
Sanhui Shin,2025-01-31,1500.0,,,,,,,1484.0,0,,,,
Saud Alhogbani,2025-01-31,1500.0,,,,,,,1484.1040651556887,0,,,,
Sebastian Baez,2026-09-23,1538.0628998999077,0.5,0.3333333333333333,0.4,1.4,97.8,0.5289033189033189,1520.9449215435695,0,0.0,0.0,1.0,0.0
Sebastian Dominko,2026-09-19,1484.1288726859684,0.3333333333333333,0.3333333333333333,0.0,10.0,98.0,0.6666666666666666,1500.8592571406796,1,0.0,0.0,1.0,
Sebastian Fanselow,2024-05-20,1500.0,,,,,,,1482.761687676503,0,,,,
Sebastian Gorzny,2026-09-02,1503.521150624354,0.5,0.5,0.5,12.0,184.0,0.7363636363636363,1495.670744204348,0,1.0,0.0,,
Sebastian Korda,2026-03-24,1717.4883462374485,0.8,0.6666666666666666,0.8,9.2,105.1,0.6523809523809523,1691.5399458209247,0,1.0,1.0,0.0,1.0
Sebastian Ofner,2026-07-21,1446.4728962330007,0.3,0.3333333333333333,0.3,9.3,105.6,0.5732142857142858,1436.5693446284674,0,0.0,0.0,1.0,0.0
Seongchan Hong,2024-09-13,1478.3058677411095,0.3333333333333333,0.6666666666666666,0.3333333333333333,3.6666666666666665,102.16666666666667,0.6601851851851852,1495.245987649037,1,1.0,0.0,1.0,0.0
Sergey Fomin,2025-09-13,1453.4780478406028,0.0,0.0,0.0,7.5,117.0,0.6840277777777778,1441.4432120060083,0,0.0,0.0,0.0,
Shintaro Mochizuki,2026-09-24,1428.1053601667452,0.3,0.0,0.1,3.0,126.6,0.636025641025641,1416.1610033592683,0,0.0,0.0,0.0,1.0
Sho Shimabukuro,2026-09-24,1463.772944890139,0.3,0.6666666666666666,0.3,6.2,122.625,0.5404273504273505,1445.7526464305529,0,1.0,1.0,0.0,0.0
Siddharth Vishwakarma,2024-09-14,1500.0,,,,,,,1482.9189916315588,0,,,,
Sin Hang Tam,2026-09-19,1500.0,,,,,,,1516.736306793522,1,,,,
Sina Moghimi,2024-03-15,1500.0,0.0,0.0,0.0,0.0,84.0,0.5,1500.736306793522,0,1.0,,,
Siu Chi Nicholas Cheng,2026-02-06,1500.0,,,,,,,1483.2806177245016,0,,,,
Skander Mansouri,2024-09-13,1500.0,1.0,1.0,1.0,5.0,70.0,,1498.568320334143,1,0.0,,,
Soonwoo Kwon,2026-09-19,1519.3688633394681,0.6,0.3333333333333333,0.6,7.5,120.625,1.0061011904761905,1528.6081391366529,1,1.0,0.0,0.0,1.0
Stan Wawrinka,2026-09-18,1410.8746561890368,0.1,0.0,0.5,8.7,149.7,0.4343646549528903,1396.3604221549829,0,0.0,0.0,0.0,0.0
Stefan Dostanic,2025-08-24,1499.4836257742802,0.5,0.5,0.5,4.5,118.5,0.6875,1482.5359880364902,0,0.0,1.0,,
Stefan Palosi,2026-02-06,1500.0,,,,,,,1484.7016209604765,0,,,,
Stefano Napolitano,2024-07-15,1493.8714498656682,0.5,0.6666666666666666,0.6666666666666666,6.75,132.25,0.575,1476.568301286494,0,0.0,0.0,1.0,1.0
Stefano Travaglia,2026-07-17,1535.2469645154479,1.0,1.0,1.0,3.0,90.0,0.8888888888888888,1520.6110296445918,0,1.0,1.0,,
Stefanos Sakellaridis,2026-09-20,1465.0612949228594,0.3333333333333333,0.3333333333333333,0.6,5.142857142857143,110.66666666666667,0.6253968253968255,1450.30992433965,0,0.0,0.0,1.0,0.0
Stefanos Tsitsipas,2026-09-20,1674.4406743671186,0.6,0.6666666666666666,0.8,8.9,130.11111111111111,0.4313095238095238,1686.6103873174072,1,1.0,0.0,1.0,1.0
Stephen Slocombe,2025-09-12,1500.0,,,,,,,1483.263693206478,0,,,,
Steve Johnson,2024-02-05,1500.0,,,,,,,1483.554998974331,0,,,,
Steven Diez,2024-01-01,1500.0,0.0,0.0,0.0,0.0,77.0,0.5,1468.7653232095577,0,0.0,,,
Strong Kirchheimer,2024-08-19,1500.0,,,,,,,1481.641917337687,0,,,,
Stylianos Christodoulou,2025-09-13,1530.8542533598145,1.0,1.0,1.0,7.0,60.0,1.0,1514.1047054079766,0,1.0,1.0,,
Sumit Nagal,2026-09-19,1362.749605281116,0.2,0.0,0.2,1.3,123.8,0.9450005550005549,1353.5103294839312,0,0.0,0.0,0.0,0.0
Sylvestre Monnou,2025-02-01,1500.0,,,,,,,1514.5641271217237,1,,,,
Taha Baadi,2026-04-01,1523.612255021076,0.6666666666666666,0.6666666666666666,0.3333333333333333,1.3333333333333333,102.33333333333333,0.4166666666666667,1511.2892959191174,0,1.0,0.0,1.0,1.0
Tallon Griekspoor,2026-09-24,1539.432734833708,0.4,0.3333333333333333,0.6,9.8,126.0,0.5165367965367965,1524.5444228736237,0,1.0,0.0,0.0,1.0
Tariq Simons,2026-09-20,1500.0,,,,,,,1484.0010792308342,0,,,,
Taro Daniel,2026-09-25,1391.1783984476351,0.3,0.6666666666666666,0.4,5.6,118.1,0.5351851851851852,1382.3860902455338,0,1.0,0.0,1.0,1.0
Taylor Fritz,2026-09-26,1775.7618602603823,0.7,0.6666666666666666,0.7,10.7,109.9,0.743421052631579,1768.5576930975035,0,0.0,1.0,1.0,0.0
Tennys Sandgren,2024-02-05,1500.0,,,,,,,1483.5705059253085,0,,,,
Terence Atmane,2026-09-24,1551.2006719162491,0.5,0.3333333333333333,0.5,7.5,124.0,0.6215167548500882,1535.9138568176634,0,0.0,0.0,1.0,1.0
Thanapet Chanta,2025-01-31,1484.0,0.0,0.0,,4.0,63.0,0.6666666666666666,1468.736306793522,0,0.0,,,
Thanasi Kokkinakis,2026-08-15,1564.2271551906986,0.5,0.3333333333333333,0.5,18.25,198.0,0.6933712121212121,1549.9978332134979,0,0.0,0.0,1.0,0.0
Thando Longwe-Smit,2026-09-20,1500.0,,,,,,,1483.900408019911,0,,,,
Theo Papamalamis,2024-11-03,1500.0,,,,,,,1483.8733317555516,0,,,,
Thiago Agustin Tirante,2026-09-19,1651.838012490128,0.7,0.3333333333333333,0.7,10.5,129.5,0.6203703703703703,1661.8830763216488,1,0.0,0.0,1.0,1.0
Thiago Monteiro,2026-02-18,1422.3848751258024,0.2,0.0,0.4,7.1,162.4,0.5165047233468286,1415.3981528734637,0,0.0,0.0,0.0,1.0
Thiago Seyboth Wild,2026-02-10,1472.643906571703,0.4,0.6666666666666666,0.5,4.8,111.5,0.47710317460317464,1454.9211193363205,0,0.0,1.0,1.0,0.0
Thijs Boogaard,2026-06-12,1500.7141895987288,0.5,0.5,1.0,6.0,98.5,0.7083333333333333,1495.5816818409667,0,1.0,0.0,,
Thomas Faurel,2026-05-26,1500.0,,,,,,,1492.6772679576422,0,,,,
Thomas Yaka Kofi Setodji,2025-02-01,1530.5304984710244,0.75,1.0,0.75,4.75,87.0,0.3888888888888889,1512.2671524932366,0,1.0,1.0,0.0,1.0
Tiago Pereira,2026-07-21,1500.0,,,,,,,1483.423217404222,0,,,,
Tiago Torres,2026-07-24,1534.0960859664024,1.0,1.0,1.0,5.0,81.5,0.7708333333333333,1512.8935525119366,0,1.0,1.0,,
Tim van Rijthoven,2024-06-10,1500.0,,,,,,,1484.128392638319,0,,,,
Timofey Skatov,2026-09-19,1480.0747264913325,0.3,0.6666666666666666,0.25,3.3333333333333335,147.55555555555554,0.594406601024248,1494.9121434267383,1,1.0,0.0,1.0,0.0
Titouan Droguet,2026-08-14,1535.3964727925184,0.5,0.6666666666666666,0.625,5.7,115.8,0.5184704184704185,1523.2040224709122,0,0.0,1.0,1.0,0.0
Toby Samuel,2026-09-19,1509.3013991128137,0.375,0.3333333333333333,0.5,5.0,109.5,0.5479392135642136,1527.2558024085376,1,0.0,1.0,0.0,0.0
Tom Gentzsch,2026-06-09,1500.0,,,,,,,1482.1777514936057,0,,,,
Tomas Barrios Vera,2026-08-31,1413.6926165365287,0.4,0.0,0.16666666666666666,2.9,109.8,0.6000579975579976,1406.8035812841117,0,0.0,0.0,0.0,0.0
Tomas Machac,2026-08-30,1604.4916532788154,0.4,0.0,0.4,3.75,114.75,0.5634521728271729,1583.6670974159983,0,0.0,0.0,0.0,1.0
Tomas Martin Etcheverry,2026-09-25,1567.0025257805437,0.5,0.6666666666666666,0.5,5.8,122.4,0.3969047619047619,1546.1262993308474,0,0.0,1.0,1.0,1.0
Tomasz Berkieta,2025-09-12,1500.0,,,,,,,1489.5310043272543,0,,,,
Tommy Paul,2026-09-06,1768.6823222903333,0.7,1.0,0.7,7.8,144.2,0.6571356421356421,1762.2678506067696,0,1.0,1.0,1.0,0.0
Trevor Svajda,2026-07-29,1467.9542631748893,0.0,0.0,0.0,3.0,95.5,0.6666666666666666,1461.0802563139855,0,0.0,0.0,,
Tristan Boyer,2026-07-30,1478.6185498695897,0.4,0.6666666666666666,0.5,4.5,117.6,0.43687146187146186,1471.7942920900907,0,1.0,0.0,1.0,0.0
Tristan Schoolkate,2026-09-03,1436.9361292909332,0.3,0.3333333333333333,0.3,11.2,131.7,0.5394179894179894,1432.1961383315802,0,1.0,0.0,0.0,0.0
Tsung-Hao Huang,2026-02-06,1481.110993786399,0.0,0.0,0.0,,,,1464.6601524545563,0,0.0,,,
Tsz Fu Wong,2026-09-18,1468.5866883405083,0.0,0.0,0.0,,,,1453.9443017740653,0,0.0,0.0,,
Tung-Lin Wu,2026-09-20,1507.134748414681,0.5,0.6666666666666666,0.5,5.6,108.4,0.6166666666666667,1522.0649491646325,1,1.0,1.0,0.0,0.0
Ugo Blanchet,2026-02-05,1463.3082735409503,0.4,0.3333333333333333,0.3333333333333333,6.8,132.5,0.49110944610944607,1456.776735378257,0,1.0,0.0,0.0,0.0
Ugo Humbert,2026-08-16,1620.0641030216118,0.5,0.3333333333333333,0.4,5.3,115.4,0.7212179487179486,1598.8210132636889,0,0.0,0.0,1.0,0.0
Valentin Royer,2026-09-26,1431.9898987919469,0.3,0.3333333333333333,0.3,6.4,141.5,0.5588095238095239,1426.4843747322984,0,1.0,0.0,0.0,0.0
Valentin Vacherot,2026-09-26,1654.207705876159,0.5,0.6666666666666666,0.6,12.2,122.625,0.5209096459096458,1632.2640441585534,0,1.0,1.0,0.0,1.0
Vasek Pospisil,2025-07-27,1507.6788589974674,0.5,0.5,0.5,3.5,63.5,0.3,1491.4196643960315,0,0.0,1.0,,
Viacheslav Bielinskyi,2025-09-12,1483.5513854291894,0.0,0.0,,1.0,78.0,0.6363636363636364,1501.007749002339,1,0.0,,,
Viktor Durasovic,2026-02-05,1508.275546339168,0.6666666666666666,0.6666666666666666,0.6666666666666666,8.0,107.33333333333333,0.6805555555555555,1502.2509650797938,0,1.0,0.0,1.0,
Vilius Gaubas,2026-09-19,1472.983549621057,0.3,0.0,0.4444444444444444,3.3,124.4,0.5908901624691099,1459.2229877565303,0,0.0,0.0,0.0,0.0
Vit Kopriva,2026-09-25,1512.513536728647,0.3,0.3333333333333333,0.4,3.7,105.0,0.40363445378151264,1499.5163078220237,0,1.0,0.0,0.0,0.0
Vitaliy Sachko,2026-04-13,1514.0490026438674,0.4444444444444444,1.0,0.0,4.166666666666667,106.5,0.7079020013802623,1499.3178446778727,0,0.0,1.0,1.0,1.0
Vladyslav Orlov,2026-02-06,1504.1418182334237,0.5,0.5,0.0,3.0,75.0,0.0,1488.904445373603,0,1.0,0.0,,
William Rejchtman Vinciguerra,2025-07-14,1500.0,,,,,,,1486.4292495392783,0,,,,
Wishaya Trongcharoenchaikul,2024-02-03,1500.0,,,,,,,1484.0,0,,,,
Xavier Lawrence,2025-01-31,1500.0,,,,,,,1481.525408801209,0,,,,
Yanaki Milev,2025-09-12,1518.1721796717984,0.6666666666666666,0.6666666666666666,1.0,3.0,122.33333333333333,0.5479853479853479,1497.4472822119792,0,1.0,1.0,0.0,
Yanki Erel,2026-09-19,1518.1374701061059,0.6,0.6666666666666666,0.6666666666666666,7.0,135.0,0.5873015873015873,1508.9569949485272,0,1.0,0.0,1.0,0.0
Yannick Hanfmann,2026-08-31,1618.156579272227,0.6,0.3333333333333333,0.6,7.7,103.4,0.5853571428571429,1601.3093431039442,0,0.0,1.0,0.0,1.0
Yassine Dlimi,2026-09-19,1514.5247215500103,0.6666666666666666,0.6666666666666666,0.0,0.0,126.5,0.6493506493506493,1529.8562228034425,1,1.0,0.0,1.0,
Yasutaka Uchiyama,2024-09-18,1500.0,1.0,1.0,1.0,2.0,101.0,1.0,1516.998111759176,1,1.0,0.0,,
Yi Zhou,2026-09-24,1503.0731938659947,0.4,0.3333333333333333,0.4,7.777777777777778,112.0,0.4920634920634921,1490.1147631775036,0,0.0,1.0,0.0,1.0
Yibing Wu,2026-09-04,1530.7707954022824,0.3,0.6666666666666666,0.6,6.3,120.1,0.49338624338624343,1528.8332326374145,0,1.0,1.0,0.0,0.0
Yoshihito Nishioka,2026-02-06,1463.5668331191612,0.2,0.6666666666666666,0.2,3.0,106.9,0.5740413533834586,1450.3041476556693,0,1.0,0.0,1.0,0.0
Yosuke Watanuki,2026-02-06,1525.6705725311024,0.6,0.3333333333333333,0.6,9.0,106.8,0.6019696969696969,1537.544717765643,1,0.0,1.0,0.0,1.0
Younes Lalami Laaroussi,2025-03-31,1483.263693206478,0.0,0.0,0.0,3.0,69.0,0.5,1467.7875386094242,0,0.0,,,
Yousaf Khalil,2024-09-14,1500.0,,,,,,,1484.7024671725246,0,,,,
Yshai Oliel,2025-01-31,1516.0440143575775,0.6666666666666666,0.6666666666666666,0.6666666666666666,4.0,94.0,0.6,1496.0835555481885,0,1.0,1.0,0.0,
Yu Hsiou Hsu,2026-09-19,1484.16768477424,0.0,0.0,0.0,1.0,95.0,0.2,1468.9408963435806,0,0.0,,,
Yunchaokete Bu,2026-09-27,1498.834945908378,0.4,0.6666666666666666,0.4,8.0,126.1,0.7133357383357384,1483.627023520075,0,1.0,1.0,0.0,1.0
Zachary Svajda,2026-09-03,1515.0021826998568,0.4,0.3333333333333333,0.4,6.1,125.3,0.5801302002282394,1502.3788683476669,0,1.0,0.0,0.0,1.0
Zdenek Kolar,2026-07-14,1500.0,,,,,,,1484.9362749745974,0,,,,
Zhizhen Zhang,2026-09-24,1439.5241011874698,0.3,0.6666666666666666,0.3,7.6,100.2,0.6486363636363637,1427.913972618398,0,0.0,1.0,1.0,0.0
Ziga Sesko,2026-07-14,1515.29149772549,1.0,1.0,,,,,1500.1946893347374,0,1.0,,,
Zizou Bergs,2026-09-19,1610.6307128780857,0.5,0.6666666666666666,0.4,9.0,153.4,0.41513708513708514,1591.1169801522522,0,1.0,0.0,1.0,1.0
Zsombor Piros,2026-09-18,1515.0350268429586,0.5714285714285714,0.3333333333333333,0.5,7.4,112.6,0.6580952380952381,1531.9971263629034,1,0.0,0.0,1.0,0.0
Zura Tkemaladze,2025-09-13,1487.5995902477025,0.3333333333333333,0.3333333333333333,0.3333333333333333,0.0,100.0,0.6468253968253967,1472.9316389887597,0,1.0,0.0,0.0,
otic van de Zandschulp,2026-03-21,1500.0,,,,,,,1492.9500947095928,0,,,,
