player,date,elo_before,rolling_win_pct,last3_win_avg,surface_win_pct,rolling_ace_avg,rolling_minutes_avg,rolling_bp_save,current_elo,last5_1,last5_2,last5_3,last5_4,last5_5
Aaron Gil Garcia,2025-09-12,1500.0,,,,,,,1483.1659819467525,0,,,,
Abdullah Shelbayh,2025-02-17,1456.4189279291706,0.0,0.0,0.0,2.3333333333333335,84.33333333333333,0.621031746031746,1440.3888100952033,0,0.0,0.0,0.0,
Abdulmajeed Bukhari,2025-01-31,1500.0,,,,,,,1484.0,0,,,,
Abdulmalek Burasais,2025-01-31,1500.0,,,,,,,1484.0,0,,,,
Adam Neff,2024-02-05,1500.0,,,,,,,1485.0615756245968,0,,,,
Adam Walton,2026-02-20,1455.3322747987693,0.3,0.3333333333333333,0.3,7.4,114.8,0.5507142857142857,1449.035639013899,0,1.0,0.0,0.0,0.0
Adolfo Daniel Vallejo,2025-09-12,1500.0,0.5,0.5,0.5,4.5,117.0,0.25,1515.2421950327278,1,1.0,0.0,,
Adria Soriano Barrera,2025-09-12,1488.2290807125846,0.4,0.3333333333333333,0.0,8.5,116.0,0.7083333333333333,1502.660226481703,1,1.0,0.0,0.0,0.0
Adrian Andreev,2025-01-31,1500.0,,,,,,,1516.0,1,,,,
Adrian Mannarino,2026-02-13,1564.6046278007113,0.5,0.6666666666666666,0.5,6.1,108.7,0.6298989898989898,1556.3603647450668,0,1.0,0.0,1.0,1.0
Ahmad Nael Qureshi,2025-02-01,1500.0,,,,,,,1483.4208899382345,0,,,,
Aisam-Ul-Haq Qureshi,2024-02-03,1500.0,,,,,,,1484.0,0,,,,
Ajeet Rai,2025-02-01,1453.3743307320146,0.0,0.0,0.0,6.333333333333333,102.66666666666667,0.3259259259259259,1440.9346056719644,0,0.0,0.0,0.0,
Akram El Sallaly,2025-09-13,1500.0,,,,,,,1482.5304984710244,0,,,,
Alan Fernando Rubio Fierros,2024-09-14,1500.0,0.0,0.0,0.0,2.0,86.0,0.0,1500.8038229802178,0,1.0,,,
Alan Magadan,2025-07-14,1500.0,,,,,,,1480.5393359412378,0,,,,
Albert Ramos-Vinolas,2025-05-26,1415.4834838971587,0.2,0.0,0.3,1.0,104.77777777777777,0.5161375661375662,1410.9469237302121,0,0.0,0.0,0.0,0.0
Alec Beckley,2025-09-13,1483.2396037794683,0.0,0.0,,2.0,75.0,0.4,1467.9770175792057,0,0.0,,,
Alejandro Davidovich Fokina,2026-02-14,1688.8142492989152,0.7,0.6666666666666666,0.7,5.5,110.5,0.649556277056277,1668.4401780085811,0,1.0,1.0,0.0,1.0
Alejandro Moro Canas,2024-12-29,1484.7405682800047,0.3333333333333333,0.3333333333333333,1.0,2.6666666666666665,116.33333333333333,0.6749999999999999,1470.972583741553,0,0.0,1.0,0.0,
Alejandro Tabilo,2026-02-23,1580.8094351447671,0.7,1.0,0.8,5.2,111.4,0.44583333333333336,1567.183519228224,0,1.0,1.0,1.0,1.0
Aleksa Krivokapic,2025-01-31,1500.0,,,,,,,1482.960702093665,0,,,,
Aleksandar Kovacevic,2026-02-18,1436.533655336014,0.5,0.3333333333333333,0.5,14.3,101.4,0.5520833333333334,1420.7776815862594,0,0.0,1.0,0.0,1.0
Aleksandar Vukic,2026-01-19,1496.3104583246673,0.5,0.6666666666666666,0.5,5.7,97.4,0.6111904761904762,1479.6064101919633,0,0.0,1.0,1.0,0.0
Aleksandre Bakshi,2025-09-13,1512.1396127959943,0.6666666666666666,0.6666666666666666,0.6666666666666666,5.0,106.0,0.5,1512.3479659832763,1,0.0,0.0,1.0,1.0
Alex Barrena,2026-02-23,1482.002594665569,0.0,0.0,0.0,4.0,147.0,0.5454545454545454,1465.834660637436,0,0.0,,,
Alex Bolt,2025-06-30,1496.8607417313845,0.42857142857142855,0.3333333333333333,0.4,6.285714285714286,87.28571428571429,0.40598290598290604,1487.6857951261104,0,0.0,1.0,1.0,0.0
Alex De Minaur,2026-02-14,1500.0,,,,,,,1523.1710943635544,1,,,,
Alex Hernandez,2025-07-14,1484.0,0.0,0.0,0.0,0.0,74.0,0.5555555555555556,1485.7928303149513,0,1.0,0.0,,
Alex Knaff,2025-09-12,1543.0279517307993,0.8,1.0,0.5,3.25,111.75,0.43214285714285716,1520.7179219294926,0,1.0,1.0,1.0,1.0
Alex Michelsen,2026-02-19,1579.7662088987638,0.6,0.6666666666666666,0.6,8.0,118.2,0.7027777777777778,1565.5718195766985,0,1.0,0.0,1.0,0.0
Alex Molcan,2025-09-12,1499.0121951416916,0.5,0.5,1.0,2.0,105.0,0.34285714285714286,1511.962457472527,1,0.0,1.0,,
Alex Santino Nu√±ez Vera,2025-09-12,1500.0,,,,,,,1516.0819832569218,1,,,,
Alex de Minaur,2026-02-15,1820.7857984850318,0.9,1.0,0.9,5.8,124.1,0.6782587782587783,1835.8972408372902,1,1.0,1.0,1.0,0.0
Alexander Blockx,2026-01-18,1499.0179064966942,0.6,1.0,0.6,6.333333333333333,101.5,0.5178130511463845,1478.7121554128332,0,0.0,1.0,1.0,1.0
Alexander Bublik,2026-02-15,1798.931765590319,0.9,1.0,0.9,12.2,122.2,0.7202922077922077,1782.3530531073743,0,1.0,1.0,1.0,0.0
Alexander Ritschard,2025-03-31,1480.460336313397,0.0,0.0,0.0,4.0,118.0,0.6666666666666666,1465.571100120455,0,0.0,,,
Alexander Shevchenko,2026-01-21,1539.7962670469421,0.6,0.6666666666666666,0.6,7.2,110.9,0.6434664101330768,1530.9670989308215,0,1.0,0.0,1.0,1.0
Alexander Vasilev,2025-09-12,1500.0,1.0,1.0,1.0,1.0,120.0,1.0,1529.9729950882884,1,1.0,,,
Alexander Zverev,2026-01-30,1834.624814434306,0.9,1.0,0.9,12.7,126.33333333333333,0.6114583333333333,1827.0398724537872,0,1.0,1.0,1.0,1.0
Alexandre Muller,2026-01-21,1521.4795284325726,0.5,0.3333333333333333,0.5,5.0,121.8,0.5908080808080809,1516.068807657972,0,1.0,0.0,0.0,1.0
Alexei Popyrin,2026-02-18,1505.4836307435048,0.2,0.3333333333333333,0.2,13.4,114.5,0.5283333333333333,1504.2133045714618,0,1.0,0.0,0.0,0.0
Alexey Vatutin,2024-10-14,1500.0,,,,,,,1483.2354010775355,0,,,,
Alexis Galarneau,2025-07-27,1468.0091405750748,0.3333333333333333,0.3333333333333333,0.3333333333333333,5.0,96.0,0.6666666666666666,1478.632074966322,1,0.0,0.0,0.0,
Alexis Klegou,2025-09-13,1484.0339081301693,0.0,0.0,0.0,,,,1467.7437886072983,0,0.0,,,
Alibek Kachmazov,2025-07-14,1508.903609520288,0.6,0.3333333333333333,0.6,5.8,94.8,0.40625,1492.5434156519386,0,0.0,1.0,1.0,1.0
Altug Celikbilek,2024-02-02,1500.0,,,,,,,1515.263693206478,1,,,,
Alvaro Guillen Meza,2025-09-12,1449.1459538375182,0.0,0.0,0.0,1.0,144.5,0.375,1486.5178181188162,1,1.0,0.0,0.0,0.0
Amir Omarkhanov,2025-10-13,1500.0,,,,,,,1488.739270434054,0,,,,
Ammar Alhogbani,2025-01-31,1500.0,,,,,,,1483.2831192397123,0,,,,
Ammar Elamin,2025-01-31,1500.0,,,,,,,1516.0,1,,,,
Amr Elsayed Abdou Ah Mohamed,2025-02-01,1500.0,0.5,0.5,0.5,2.0,93.0,0.0,1483.9424074366605,0,0.0,1.0,,
Andrea Collarini,2024-07-22,1500.0,,,,,,,1482.24701250799,0,,,,
Andrea Pellegrino,2026-02-23,1478.3558196607896,0.25,0.3333333333333333,0.25,3.0,106.5,0.5151515151515151,1494.5237536889226,1,0.0,0.0,1.0,0.0
Andrea Vavassori,2026-02-03,1513.9741792572445,0.4,0.3333333333333333,0.5,5.5,92.25,0.6014790764790765,1494.8485014117566,0,0.0,1.0,1.0,0.0
Andreas Timini,2025-01-31,1500.0,,,,,,,1515.263693206478,1,,,,
Andrei Gorban,2025-02-01,1500.0,,,,,,,1482.4998299478063,0,,,,
Andrej Nedic,2025-09-12,1484.0,0.0,0.0,,2.0,127.0,0.9,1470.765730773539,0,0.0,,,
Andres Andrade,2025-09-12,1544.6662064126697,0.8333333333333334,1.0,1.0,2.5,95.5,0.6625,1539.2925633202888,1,0.0,1.0,1.0,1.0
Andres Martin,2024-07-22,1500.0,,,,,,,1485.1614796432489,0,,,,
Andrey Rublev,2026-02-20,1681.5319334823757,0.8,1.0,0.8,6.5,106.8,0.7802469135802469,1678.307320616507,0,1.0,1.0,1.0,0.0
Andy Murray,2024-06-17,1432.4643999115206,0.4,0.0,0.0,6.1,124.33333333333333,0.6486772486772486,1438.5795734222306,0,1.0,0.0,0.0,0.0
Anthony Susanto,2024-02-03,1500.0,0.0,0.0,0.0,1.0,77.0,0.42857142857142855,1468.0354661910467,0,0.0,,,
Antoine Escoffier,2024-01-29,1500.0,,,,,,,1483.079131304269,0,,,,
Aqeel Khan,2024-09-14,1484.0,0.0,0.0,,3.0,75.0,0.6,1500.736306793522,1,0.0,,,
Arda Azkara,2025-09-12,1500.0,,,,,,,1515.0558243408448,1,,,,
Aristotelis Thanos,2025-02-01,1498.7493879758822,0.5,0.5,1.0,4.0,136.0,0.6,1514.8069805392217,1,0.0,1.0,,
Arthur Cazaux,2025-11-03,1530.9183609375575,0.5,0.6666666666666666,0.5,9.1,144.0,0.6243939393939394,1536.9919286278277,0,1.0,1.0,0.0,0.0
Arthur Fery,2026-01-21,1509.2726438022014,0.5,0.6666666666666666,0.6666666666666666,4.333333333333333,140.16666666666666,0.6685985797827904,1495.391949529284,0,1.0,0.0,1.0,0.0
Arthur Fils,2026-02-21,1731.2084582217683,0.7,1.0,0.7,6.1,101.0,0.4608333333333333,1727.12155619377,0,1.0,1.0,1.0,1.0
Arthur Gea,2026-02-07,1526.3463648630682,0.6,0.6666666666666666,0.6,6.6,131.0,0.6566951566951568,1510.4044943354818,0,1.0,1.0,0.0,1.0
Arthur Rinderknech,2026-02-17,1595.5160517987215,0.4,0.3333333333333333,0.4,11.1,137.4,0.6606709956709956,1593.405147766069,0,0.0,0.0,1.0,0.0
Aslan Karatsev,2024-10-14,1413.7514654733895,0.2,0.0,0.16666666666666666,3.7,111.0,0.5106060606060605,1422.6775651513117,0,1.0,0.0,0.0,1.0
Atakan Karahan,2025-02-01,1500.0,,,,,,,1516.0,1,,,,
August Holmgren,2025-10-01,1541.5042100633248,0.6666666666666666,0.6666666666666666,1.0,18.6,150.4,0.6900000000000001,1524.6399974194844,0,1.0,0.0,1.0,1.0
Aziz Dougaz,2025-02-24,1437.6524138387779,0.25,0.0,0.2,6.0,102.66666666666667,0.4307026307026307,1428.8440066848118,0,0.0,0.0,0.0,0.0
Aziz Ouakaa,2025-09-12,1500.0,0.0,0.0,0.0,4.0,87.0,0.6363636363636364,1467.7081639940711,0,0.0,,,
Beibit Zhukayev,2025-10-13,1512.5085971487028,0.5,0.3333333333333333,0.5714285714285714,11.333333333333334,76.16666666666667,0.5812499999999999,1496.6600308569452,0,0.0,0.0,1.0,1.0
Ben Shelton,2026-02-15,1762.587245268646,0.8,1.0,0.8,13.9,124.66666666666667,0.7272727272727272,1787.0614884438821,1,1.0,1.0,1.0,1.0
Benedict Badza,2024-02-03,1500.0,,,,,,,1516.0,1,,,,
Benjamin Balleret,2025-02-01,1500.736306793522,0.5,0.5,0.5,3.5,68.0,0.5476190476190476,1487.977488389112,0,1.0,0.0,,
Benjamin Bonzi,2026-01-18,1540.9694973981696,0.6,0.6666666666666666,0.6,6.5,137.2,0.5813143971038708,1529.2527866572893,0,1.0,1.0,0.0,0.0
Benjamin Hassan,2026-02-23,1488.4573235270668,0.4,0.3333333333333333,0.0,3.0,97.6,0.6381944444444445,1471.619919290881,0,1.0,0.0,0.0,0.0
Benjamin Lock,2024-02-03,1500.0,,,,,,,1484.0,0,,,,
Benoit Paire,2024-07-15,1479.7533456810177,0.3333333333333333,0.3333333333333333,1.0,7.333333333333333,114.0,0.42857142857142855,1480.7790115112655,1,0.0,0.0,0.0,1.0
Bernabe Zapata Miralles,2024-03-04,1415.5361651738094,0.125,0.0,0.0,1.5,105.0,0.4890758547008547,1402.9333215691777,0,0.0,0.0,0.0,0.0
Bernard Tomic,2025-10-13,1498.5838883084944,0.5,0.5,1.0,7.5,87.0,0.5416666666666666,1487.7476847579687,0,1.0,0.0,,
Billy Harris,2026-01-05,1436.5040716806363,0.4,0.3333333333333333,0.1,5.2,112.8,0.6220238095238095,1426.6900074872428,0,1.0,0.0,0.0,0.0
Blaise Bicknell,2025-02-01,1532.0,1.0,1.0,1.0,4.0,75.0,0.6666666666666666,1527.7631289654298,1,0.0,1.0,1.0,
Bor Artnak,2025-09-12,1531.263693206478,1.0,1.0,1.0,,,,1545.8278203282016,1,1.0,1.0,,
Boris Arias,2024-02-03,1500.0,,,,,,,1516.0,1,,,,
Borna Coric,2025-08-24,1374.676998032415,0.2,0.0,0.2,4.0,119.5,0.5266300366300366,1370.77898127765,0,0.0,0.0,0.0,0.0
Borna Gojo,2025-05-19,1443.593384084304,0.14285714285714285,0.0,0.0,9.333333333333334,105.5,0.39305555555555555,1434.2329069228886,0,0.0,0.0,0.0,0.0
Botic Van De Zandschulp,2026-01-08,1500.0,,,,,,,1493.199783117266,0,,,,
Botic van de Zandschulp,2026-02-13,1572.5145763182309,0.6,0.6666666666666666,0.6,10.2,126.3,0.6247222222222222,1566.1463175594192,0,1.0,1.0,0.0,0.0
Brandon Holt,2025-08-24,1401.9477583736302,0.1,0.0,0.0,5.6,105.9,0.4951587301587302,1391.1834525097372,0,0.0,0.0,0.0,1.0
Brandon Nakashima,2026-02-18,1590.2101435160916,0.5,0.3333333333333333,0.5,10.3,98.5,0.5722222222222223,1589.5963422535642,1,0.0,0.0,1.0,0.0
Branko Djuric,2025-09-12,1479.4736376110575,0.0,0.0,0.0,9.0,62.0,0.42857142857142855,1464.4178132702127,0,0.0,,,
Calvin Hemery,2025-07-14,1500.0,,,,,,,1483.480573163429,0,,,,
Cameron Norrie,2026-02-11,1657.8089855489704,0.7,0.6666666666666666,0.7,7.4,150.33333333333334,0.6653439153439153,1633.8127558946255,0,1.0,0.0,1.0,1.0
Camilo Ugo Carabelli,2026-02-18,1453.5771960869235,0.3,0.6666666666666666,0.7,2.3,119.3,0.5309262959262959,1437.8332612482263,0,0.0,1.0,1.0,0.0
Carlos Alcaraz,2026-02-21,2064.97398344742,1.0,1.0,1.0,5.6,158.5,0.7292902930402929,2069.060885475418,1,1.0,1.0,1.0,1.0
Carlos Taberner,2026-01-20,1532.993486663208,0.5555555555555556,0.6666666666666666,0.625,2.0,126.77777777777777,0.5189338235294118,1518.1865835295257,0,1.0,1.0,1.0,1.0
Casper Ruud,2026-02-21,1694.44933589347,0.6,0.6666666666666666,0.6,9.7,117.88888888888889,0.7455050505050506,1675.6636633395674,0,1.0,0.0,1.0,1.0
Cem Ilkel,2024-09-13,1483.2298601853572,0.0,0.0,0.0,3.0,104.0,0.6363636363636364,1453.9139364552516,0,0.0,0.0,,
Cesar Cruz,2025-09-13,1484.8284260888624,0.3333333333333333,0.3333333333333333,0.5,1.0,148.0,0.7142857142857143,1455.680243312598,0,0.0,0.0,1.0,0.0
Cezar Cretu,2025-01-31,1531.6683377283962,1.0,1.0,1.0,9.5,172.0,0.6388888888888888,1546.1772785145608,1,1.0,1.0,,
Charles Broom,2024-07-01,1484.7046954005523,0.0,0.0,0.0,2.0,124.0,0.6666666666666666,1466.3429952475158,0,0.0,,,
Chris Rodesch,2025-06-30,1496.0115350945002,0.5,0.6666666666666666,0.5,7.5,93.75,0.4734848484848485,1480.3200478664407,0,0.0,1.0,0.0,1.0
Christopher Bulus,2025-02-01,1500.0,1.0,1.0,1.0,,,,1498.5899274503572,1,0.0,,,
Christopher Eubanks,2025-06-30,1456.06838246138,0.4,0.6666666666666666,0.4444444444444444,7.6,96.8,0.5604938271604939,1442.2795208526215,0,0.0,1.0,1.0,0.0
Christopher O'Connell,2026-02-13,1491.0658588600465,0.5,0.6666666666666666,0.5,10.9,135.9,0.6261949161949162,1482.2409733695813,0,1.0,1.0,0.0,0.0
Christos Antonopoulos,2025-02-01,1500.0,,,,,,,1484.637451754981,0,,,,
Chun Hun Wong,2025-02-01,1500.0,,,,,,,1484.0,0,,,,
Chun-Hsin Tseng,2025-09-12,1359.9275930183478,0.1,0.0,0.1,3.7,117.7,0.5543668994404289,1372.1161877210905,0,1.0,0.0,0.0,0.0
Cleeve Harper,2025-09-12,1500.0,,,,,,,1515.2303732547807,1,,,,
Clement Chidekh,2025-02-10,1500.0,,,,,,,1488.2688670748814,0,,,,
Clement Tabur,2025-11-03,1484.6523840453149,0.5,0.5,1.0,4.0,66.0,0.7272727272727273,1494.0663102347435,1,0.0,1.0,0.0,
Codie Schalk Van Schalkwyk,2025-02-01,1500.0,0.0,0.0,0.0,,,,1499.2108796010725,0,1.0,,,
Coleman Wong,2026-02-20,1588.338101035746,0.7,0.6666666666666666,0.7,12.75,119.875,0.6856872294372294,1571.8199572612475,0,1.0,1.0,0.0,1.0
Colton Smith,2025-08-07,1477.7698407978653,0.375,0.0,0.2,3.625,86.75,0.678968253968254,1465.02483805257,0,0.0,0.0,0.0,1.0
Conner Huertas del Pino,2025-01-31,1500.0,,,,,,,1516.0,1,,,,
Connor Doig,2025-09-13,1500.0,,,,,,,1483.9208781534219,0,,,,
Connor Henry Van Schalkwyk,2025-02-01,1500.0,1.0,1.0,1.0,,,,1498.4740425507819,1,0.0,,,
Conor Gannon,2024-09-13,1500.0,0.0,0.0,0.0,2.0,63.0,0.42857142857142855,1468.7569133791546,0,0.0,,,
Constant Lestienne,2025-02-03,1401.9783219806209,0.2,0.3333333333333333,0.3,2.6,112.33333333333333,0.5780988455988456,1394.6877683660748,0,1.0,0.0,0.0,0.0
Corentin Denolly,2025-03-31,1500.0,1.0,1.0,1.0,1.0,139.0,0.7142857142857143,1494.9069473828658,1,0.0,,,
Corentin Moutet,2026-02-18,1633.185651020069,0.5,0.6666666666666666,0.5,4.7,124.4,0.616437728937729,1619.603918925428,0,0.0,1.0,1.0,0.0
Courtney John Lock,2025-01-31,1483.263693206478,0.0,0.0,0.0,1.0,59.0,0.4444444444444444,1468.0338330211207,0,0.0,,,
Cristian Garin,2026-02-16,1483.46159672519,0.4,0.3333333333333333,0.5,5.4,138.6,0.6847966847966848,1467.7360447466258,0,0.0,1.0,0.0,0.0
Dalibor Svrcina,2026-01-19,1513.8955601809391,0.4444444444444444,0.3333333333333333,0.5,0.3333333333333333,85.22222222222223,0.5881032547699214,1501.7625584299044,0,0.0,1.0,1.0,1.0
Damir Dzumhur,2026-02-19,1441.5863219399037,0.3,0.3333333333333333,0.6,2.2,102.2,0.49083333333333334,1425.4828017954364,0,1.0,0.0,0.0,1.0
Dan Added,2025-11-03,1500.0,,,,,,,1483.197186258253,0,,,,
Dan Martin,2025-07-27,1500.0,,,,,,,1486.153093901106,0,,,,
Dane Sweeny,2026-01-22,1485.1928144248511,0.3333333333333333,0.3333333333333333,0.3333333333333333,1.6666666666666667,142.5,0.7278554778554779,1478.2042321984732,0,1.0,0.0,0.0,
Daniel Altmaier,2026-02-17,1475.0049528765799,0.4,0.0,0.4,6.4,94.7,0.6030555555555556,1455.2013283381596,0,0.0,0.0,0.0,0.0
Daniel Antonio Nunez,2025-09-12,1500.0,,,,,,,1516.0,1,,,,
Daniel Cukierman,2025-09-12,1486.6961503034536,0.3333333333333333,0.3333333333333333,0.3333333333333333,1.0,88.0,0.2,1476.9372334917657,0,0.0,1.0,0.0,
Daniel Elahi Galan,2025-08-24,1414.2174069830546,0.3,0.3333333333333333,0.375,6.7,111.375,0.5080547522652786,1397.9517816625598,0,1.0,0.0,0.0,1.0
Daniel Evans,2025-07-21,1472.1237245574337,0.5,0.6666666666666666,0.4,3.8,111.1,0.4989285714285714,1499.44859988771,1,0.0,1.0,1.0,0.0
Daniel Masur,2025-01-31,1483.219887345923,0.0,0.0,0.0,3.0,133.0,0.6153846153846154,1467.9920398088957,0,0.0,,,
Daniel Rincon,2024-04-15,1500.0,,,,,,,1483.925884045991,0,,,,
Daniels Tens,2025-02-01,1468.7700647786226,0.0,0.0,0.0,0.0,101.5,0.7063492063492063,1439.5395138200872,0,0.0,0.0,0.0,
Daniil Glinka,2025-09-12,1500.0,,,,,,,1483.969901130648,0,,,,
Daniil Medvedev,2026-02-18,1763.481868220718,0.8,0.3333333333333333,0.8,10.3,129.1,0.712037037037037,1740.3495783591654,0,1.0,0.0,0.0,1.0
Darian King,2025-09-12,1558.146392737803,0.8333333333333334,1.0,1.0,2.25,89.75,0.6848484848484849,1538.1035787952844,0,1.0,1.0,1.0,1.0
Darwin Blanch,2025-08-24,1470.6354978265817,0.25,0.3333333333333333,0.3333333333333333,5.75,96.25,0.6565656565656566,1456.461984817907,0,0.0,1.0,0.0,0.0
David Ekpenyong,2025-02-01,1500.0,,,,,,,1482.5224373654892,0,,,,
David Goffin,2025-10-20,1463.7997892199235,0.3,0.6666666666666666,0.3,6.1,105.9,0.40694444444444444,1449.5493060059173,0,0.0,1.0,1.0,0.0
David Jorda Sanchis,2024-04-01,1500.0,0.0,0.0,0.0,9.0,130.0,0.75,1500.7963384624084,0,1.0,,,
Davis Rolis,2024-09-14,1484.0,0.0,0.0,0.0,1.0,61.0,0.25,1469.467885438974,0,0.0,,,
Denis Kudla,2024-04-01,1485.1420719067726,0.3333333333333333,0.3333333333333333,0.5,4.0,108.0,0.40277777777777773,1472.8134825254303,0,0.0,0.0,1.0,
Denis Shapovalov,2026-02-15,1611.728254220086,0.6,1.0,0.6,11.0,103.3,0.6441798941798942,1602.8568143896182,0,1.0,1.0,1.0,0.0
Denis Yevseyev,2025-02-01,1487.4192891518126,0.3333333333333333,0.3333333333333333,0.0,4.333333333333333,117.66666666666667,0.7148962148962149,1503.998399213578,1,0.0,0.0,1.0,
Dhakshineswar Suresh,2025-09-12,1484.3541838179706,0.0,0.0,0.0,0.0,79.0,0.5714285714285714,1502.7074244278735,1,0.0,,,
Diego Dedura-Palomero,2025-05-19,1511.0394593762953,0.5,0.5,0.5,0.5,66.0,0.6875,1495.7998153937524,0,1.0,0.0,,
Diego Duran,2024-02-02,1500.0,,,,,,,1516.0,1,,,,
Diego Schwartzman,2025-02-10,1383.0782107708603,0.1111111111111111,0.3333333333333333,0.2,1.0,120.77777777777777,0.41164021164021164,1393.4573983479565,1,0.0,0.0,0.0,0.0
Dimitar Kuzmanov,2024-02-03,1500.0,,,,,,,1484.0,0,,,,
Dimitris Azoidis,2024-09-14,1500.0,,,,,,,1516.5605732476217,1,,,,
Dino Prizmic,2026-02-18,1461.5963862723386,0.4,0.3333333333333333,0.5,5.4,131.7,0.5981948334889511,1445.3283771724828,0,0.0,0.0,1.0,0.0
Dmitry Popko,2025-09-12,1450.2011193156445,0.0,0.0,0.0,1.6666666666666667,116.0,0.5349206349206349,1436.4788656372457,0,0.0,0.0,0.0,
Dominic Stricker,2025-07-14,1430.0432787711795,0.2,0.0,0.0,8.0,87.44444444444444,0.46481481481481485,1443.8513272870537,1,0.0,0.0,0.0,0.0
Dominic Thiem,2024-10-21,1413.5261662496966,0.2,0.0,0.25,5.2,129.1,0.4777505827505827,1399.6383694270653,0,0.0,0.0,0.0,0.0
Dominik Koepfer,2025-01-27,1489.554584512082,0.3,0.0,0.3,3.8,103.57142857142857,0.39843749999999994,1486.6187933448748,1,0.0,0.0,0.0,0.0
Duje Ajdukovic,2025-01-31,1491.0777124040178,0.5,0.3333333333333333,0.5,4.333333333333333,98.88888888888889,0.3956349206349207,1506.0641257245834,1,0.0,1.0,0.0,1.0
Dusan Lajovic,2026-02-23,1404.2656987481128,0.2,0.3333333333333333,0.2,3.1,93.44444444444444,0.4954365079365079,1396.1345777442698,0,0.0,1.0,0.0,0.0
Edas Butvilas,2025-09-13,1500.3821135816347,0.5,0.5,0.5,,,,1515.5374755822565,1,1.0,0.0,,
Eero Vasa,2025-09-12,1412.4602760100495,0.0,0.0,0.0,5.0,92.5,0.5833333333333333,1433.1512188567694,1,0.0,0.0,0.0,0.0
Egor Gerasimov,2024-10-02,1500.0,,,,,,,1478.6737720655026,0,,,,
Elias Ymer,2026-01-19,1491.5107901566287,0.5,0.6666666666666666,0.5555555555555556,5.5,109.375,0.7013125763125764,1477.0642205730467,0,1.0,1.0,0.0,0.0
Eliot Spizzirri,2026-02-13,1586.7511866023917,0.7,0.6666666666666666,0.7,8.1,129.7,0.5633374561945991,1566.860628769148,0,1.0,0.0,1.0,1.0
Elliot Benchetrit,2025-03-31,1499.5957688082406,0.5,0.3333333333333333,0.0,3.3333333333333335,112.66666666666667,0.5584415584415584,1483.9168082929723,0,1.0,0.0,0.0,1.0
Elmer Moller,2025-09-12,1463.040755371868,0.3,0.0,0.2,2.2857142857142856,116.0,0.5992721564150135,1468.7193273162352,1,0.0,0.0,0.0,0.0
Emil Ruusuvuori,2025-10-13,1494.657684733236,0.5,0.3333333333333333,0.4,6.7,135.1,0.6614959114959116,1481.6259574934786,0,1.0,0.0,0.0,0.0
Emilio Gomez,2024-02-02,1500.0,,,,,,,1484.0,0,,,,
Emilio Nava,2026-02-17,1466.42005398236,0.4,0.3333333333333333,0.3333333333333333,11.0,121.0,0.5992512847776006,1452.9624636688648,0,0.0,0.0,1.0,0.0
Enmanuel Munoz,2025-09-12,1500.0,,,,,,,1482.6079208446874,0,,,,
Enzo Couacaud,2024-07-22,1500.0,,,,,,,1483.4022805479265,0,,,,
Ergi Kirkin,2025-09-12,1516.0,1.0,1.0,1.0,,,,1499.1260662731806,0,1.0,,,
Ernesto Escobedo,2024-02-26,1458.8406909518478,0.0,0.0,0.0,1.6666666666666667,108.66666666666667,0.6037037037037036,1443.7689853784022,0,0.0,0.0,0.0,
Ethan Denzel Sibanda,2025-01-31,1500.0,,,,,,,1483.2087654799525,0,,,,
Ethan Quinn,2026-02-18,1497.8426882940573,0.4,0.3333333333333333,0.4,7.4,96.7,0.5108465608465608,1482.2919725760064,0,0.0,1.0,0.0,1.0
Eugenio Gonzalez Fitzmaurice,2025-02-01,1500.0,,,,,,,1484.0,0,,,,
Fabian Marozsan,2026-02-18,1627.6667671939779,0.6,0.6666666666666666,0.6,4.4,123.8,0.575297619047619,1612.3293844933694,0,1.0,0.0,1.0,1.0
Fabio Fognini,2025-06-30,1398.392301404616,0.0,0.0,0.42857142857142855,1.1,83.4,0.3661904761904762,1397.2863039984552,0,0.0,0.0,0.0,0.0
Facundo Bagnis,2025-07-27,1516.0791177771955,0.5,0.0,0.0,3.7,132.1,0.7283022533022533,1518.3051519954931,0,1.0,0.0,1.0,0.0
Facundo Diaz Acosta,2026-02-10,1454.1504783191835,0.3,0.0,0.5,4.5,119.1,0.5721969696969696,1440.210064481919,0,0.0,0.0,0.0,1.0
Fadi Bidan,2025-09-12,1484.0,0.0,0.0,0.0,,,,1500.736306793522,1,0.0,,,
Fajing Sun,2025-09-17,1485.413605925259,0.3333333333333333,0.3333333333333333,0.3333333333333333,10.0,148.0,0.0,1465.5011633795073,0,0.0,1.0,0.0,
Fares Zakaria,2025-09-13,1481.8474517946422,0.0,0.0,,,,,1498.6826477056588,1,0.0,,,
Federico Agustin Gomez,2025-08-24,1473.76127223292,0.3333333333333333,0.3333333333333333,0.3333333333333333,8.0,86.25,0.5642857142857143,1468.487820567819,0,0.0,1.0,0.0,1.0
Federico Cina,2025-10-13,1496.2875641846545,0.4,0.3333333333333333,0.5,1.8,87.6,0.5342857142857143,1477.960439148858,0,0.0,0.0,1.0,0.0
Federico Coria,2026-02-11,1408.3105030383692,0.3,0.3333333333333333,0.2,4.4,116.4,0.4790123456790123,1402.3567942799234,0,0.0,1.0,0.0,1.0
Federico Zeballos,2025-02-01,1500.0,0.0,0.0,0.0,,,,1468.736306793522,0,0.0,,,
Felipe Meligeni Alves,2025-02-24,1444.4568685027557,0.16666666666666666,0.0,0.25,5.333333333333333,116.2,0.5605579605579606,1430.1939915111473,0,0.0,0.0,0.0,0.0
Felix Auger-Aliassime,2026-02-23,1802.938411856455,0.8,0.6666666666666666,0.8,10.4,97.1,0.8071428571428572,1806.6999476760611,1,1.0,0.0,1.0,1.0
Filip Cristian Jianu,2025-03-31,1469.5031170912061,0.0,0.0,0.0,1.0,152.0,0.6666666666666666,1472.9677492884741,0,1.0,0.0,0.0,
Filip Jeff Planinsek,2025-09-12,1517.4679565897213,1.0,1.0,,,,,1534.0318267289747,1,1.0,,,
Filip Misolic,2026-01-19,1482.7704058887107,0.3,0.3333333333333333,0.2857142857142857,5.2,106.2,0.6491849816849817,1474.585212451959,0,0.0,0.0,1.0,0.0
Flavio Cobolli,2026-02-22,1593.6009600474904,0.6,0.6666666666666666,0.6,6.9,130.1,0.5764007597340931,1581.1248292277237,0,1.0,1.0,0.0,0.0
Frances Tiafoe,2026-02-21,1597.650461952055,0.6,0.6666666666666666,0.6,6.8,116.4,0.6939153439153439,1586.9522689362955,0,1.0,1.0,0.0,1.0
Francesco Maestrelli,2026-01-22,1513.9344834525407,1.0,1.0,1.0,28.0,208.0,0.6666666666666666,1510.3462092472125,0,1.0,,,
Francesco Passaro,2026-02-19,1472.0441073179406,0.4,0.3333333333333333,0.5,5.4,130.77777777777777,0.72359477124183,1458.936841584557,0,1.0,0.0,0.0,0.0
Francisco Cabral,2024-07-29,1500.0,,,,,,,1490.4681585290398,0,,,,
Francisco Cerundolo,2026-02-18,1682.0229899719661,0.7,1.0,0.6,4.3,112.1,0.581547619047619,1665.7206056407695,1,0.0,1.0,1.0,1.0
Francisco Comesana,2026-02-18,1491.2406392590487,0.4,0.3333333333333333,0.4,8.5,121.7,0.5339869281045752,1479.5727182880623,0,0.0,0.0,1.0,0.0
Francisco Llanes,2025-09-12,1484.6050797528112,0.0,0.0,0.0,,,,1469.3135784047874,0,0.0,,,
Franco Roncadelli,2025-09-12,1529.7173139643883,0.6666666666666666,0.6666666666666666,0.5,1.0,116.5,0.6294191919191919,1513.153443825135,0,0.0,1.0,1.0,1.0
Freddy Murray,2025-01-31,1500.0,,,,,,,1516.0,1,,,,
Gabi Adrian Boitan,2024-09-13,1500.0,1.0,1.0,1.0,6.0,100.0,0.75,1500.2994625625531,1,0.0,,,
Gabriel Diallo,2026-02-18,1571.2841481925348,0.3,0.0,0.3,9.3,117.5,0.5868371212121212,1549.2436970831352,0,0.0,0.0,0.0,0.0
Gabriel Ghetu,2025-09-13,1500.0,,,,,,,1515.301766949718,1,,,,
Gael Monfils,2026-01-20,1499.9971772267293,0.2,0.0,0.4,10.9,142.77777777777777,0.5248863636363637,1482.5145728425534,0,0.0,0.0,0.0,0.0
Gauthier Onclin,2025-01-13,1500.0,,,,,,,1485.8139703129882,0,,,,
George Loffhagen,2025-06-30,1486.629589822992,0.0,0.0,0.0,11.0,148.0,1.0,1469.3055248846422,0,0.0,,,
Gerard Campana Lee,2025-01-31,1500.0,,,,,,,1491.7578548928473,0,,,,
Gijs Brouwer,2024-06-23,1501.8200397581256,0.5,0.6666666666666666,0.6666666666666666,5.25,97.75,0.6920770202020202,1486.7107585742783,0,1.0,1.0,0.0,0.0
Giles Hussey,2024-06-24,1500.0,1.0,1.0,1.0,2.0,63.0,0.0,1502.754855911162,1,0.0,,,
Gilles Arnaud Bailly,2025-10-13,1479.975315325885,0.0,0.0,0.0,0.5,75.0,0.55,1491.3538264711442,0,1.0,0.0,,
Gillian Osmont,2024-02-02,1500.0,,,,,,,1484.0,0,,,,
Giovanni Mpetshi Perricard,2026-02-23,1501.4972671574972,0.4,0.0,0.4,17.4,109.5,0.5896031746031747,1518.7877226338542,1,0.0,0.0,0.0,0.0
Giulio Zeppieri,2025-10-13,1409.037730185132,0.2,0.3333333333333333,0.2857142857142857,7.0,109.14285714285714,0.5972222222222221,1401.018730338635,0,1.0,0.0,0.0,0.0
Gonzalo Bueno,2025-09-12,1500.9833745189064,0.5,0.5,1.0,,,,1517.5879894533591,1,1.0,0.0,,
Gonzalo Escobar,2024-09-14,1500.0,,,,,,,1516.0,1,,,,
Govind Nanda,2025-07-14,1500.0,0.0,0.0,0.0,1.0,60.0,0.2857142857142857,1504.8194472932487,0,1.0,,,
Gregoire Barrere,2025-01-27,1453.2734468079593,0.4,0.0,0.2,4.1,109.33333333333333,0.6155193744164332,1438.1099902707208,0,0.0,0.0,0.0,0.0
Grigor Dimitrov,2026-02-11,1639.289805167991,0.5,0.3333333333333333,0.6,11.777777777777779,120.875,0.7188492063492063,1619.2458633706851,0,0.0,0.0,1.0,1.0
Guido Andreozzi,2024-07-22,1500.0,,,,,,,1484.3832585141017,0,,,,
Gunawan Trismuwantara,2025-02-01,1500.0,,,,,,,1484.0,0,,,,
Gustavo Heide,2026-02-17,1450.59764674549,0.3,0.3333333333333333,0.2857142857142857,6.3,134.44444444444446,0.7135775335775335,1436.359747493343,0,0.0,1.0,0.0,0.0
Guy Den Ouden,2026-02-12,1518.6446231548837,1.0,1.0,1.0,2.0,111.0,0.9166666666666666,1508.3612615974682,0,1.0,,,
Hady Habib,2026-02-17,1458.437827418154,0.3,0.3333333333333333,0.2,8.75,109.14285714285714,0.5180860805860805,1446.0964829159352,0,1.0,0.0,0.0,0.0
Hamad Medjedovic,2026-02-13,1544.356337141237,0.3,0.3333333333333333,0.3,10.0,122.1,0.6514285714285714,1538.2512699861934,0,1.0,0.0,0.0,1.0
Hamidreza Nadaf,2024-03-15,1500.0,,,,,,,1484.0,0,,,,
Hamza Karmoussi,2024-02-03,1500.0,,,,,,,1484.0,0,,,,
Harold Mayot,2025-04-21,1392.7083576856216,0.1,0.0,0.25,4.3,109.88888888888889,0.5590659340659341,1408.1153778844855,1,0.0,0.0,0.0,0.0
Henri Squire,2024-09-14,1478.0154655463266,0.25,0.3333333333333333,0.0,6.75,77.0,0.5947552447552448,1462.851649497442,0,0.0,0.0,0.0,1.0
Henrique Rocha,2025-05-26,1541.0239907171576,0.6666666666666666,1.0,0.5,3.5,111.0,0.34294871794871795,1558.6560255176964,1,0.0,1.0,1.0,1.0
Henry Bernet,2025-10-20,1477.8486617526644,0.0,0.0,0.0,8.0,51.0,0.0,1468.4153653374447,0,0.0,,,
Henry Searle,2025-06-30,1466.664023034256,0.0,0.0,0.0,8.5,107.0,0.5892857142857143,1451.722331944438,0,0.0,0.0,,
Heve Kelley,2024-02-02,1500.0,,,,,,,1484.0,0,,,,
Hod'abalo Padio,2025-09-13,1484.0,0.0,0.0,0.0,,,,1485.4695015289756,0,1.0,0.0,,
Holger Rune,2025-10-13,1650.9191912095516,0.6,0.6666666666666666,0.6,6.1,120.7,0.5378571428571428,1655.769360908233,1,0.0,1.0,1.0,1.0
Hong Kit Wong,2024-02-03,1500.0,,,,,,,1516.0,1,,,,
Hubert Hurkacz,2026-02-11,1655.5611139767593,0.6,0.3333333333333333,0.6,16.88888888888889,115.55555555555556,0.8387896825396826,1644.8034459662747,0,0.0,0.0,1.0,1.0
Hugo Dellien,2026-02-12,1423.1264642300682,0.3,0.3333333333333333,0.4,2.7,113.44444444444444,0.549,1415.9762845446692,0,1.0,0.0,0.0,0.0
Hugo Gaston,2026-01-20,1399.3027016580538,0.2,0.3333333333333333,0.3,1.9,95.4,0.5429414922168545,1398.6466086792457,0,0.0,0.0,1.0,0.0
Hugo Grenier,2026-02-10,1448.5288031691146,0.3,0.3333333333333333,0.3333333333333333,10.9,147.9,0.5708682983682983,1434.666342767836,0,0.0,1.0,0.0,0.0
Hugo Nys,2024-09-14,1500.0,,,,,,,1516.736306793522,1,,,,
Huzaifa Abdul Rehman,2025-09-12,1485.0942448329276,0.0,0.0,1.0,,,,1485.6982761278446,1,0.0,0.0,,
Hyeon Chung,2025-09-12,1500.0,1.0,1.0,1.0,4.0,107.0,0.7142857142857143,1495.3000231594635,1,0.0,,,
Ignacio Buse,2026-02-22,1586.913743171893,0.7,1.0,0.8,3.6,126.5,0.6105006105006104,1569.8483163982278,0,1.0,1.0,1.0,0.0
Ignacio Parisca Romera,2025-01-31,1500.0,0.0,0.0,0.0,,,,1470.138265847991,0,0.0,,,
Igor Marcondes,2026-02-17,1500.0,,,,,,,1485.4429568138755,0,,,,
Ilie Cazac,2025-02-01,1500.0,,,,,,,1484.7057134248303,0,,,,
Iliyan Radulov,2025-01-31,1516.736306793522,1.0,1.0,,1.0,67.0,0.6666666666666666,1531.233189702316,1,1.0,,,
Ilya Snitari,2025-02-01,1468.0,0.0,0.0,1.0,0.5,107.0,0.5357142857142857,1502.8404883864089,1,1.0,0.0,0.0,
Ioannis Xilas,2024-09-14,1516.0,1.0,1.0,1.0,0.0,83.0,0.0,1509.395961349268,0,1.0,,,
Isaac Becroft,2025-01-06,1500.0,,,,,,,1485.5666773481014,0,,,,
Ivan Gakhov,2025-05-19,1482.035751100268,0.0,0.0,0.0,2.0,162.0,0.7142857142857143,1466.7434258014,0,0.0,,,
Ivan Ivanov,2025-11-03,1482.971193165205,0.0,0.0,,1.0,65.0,0.0,1470.6388799853714,0,0.0,,,
J.J. Wolf,2024-07-29,1409.070267081732,0.1,0.0,0.0,4.7,92.11111111111111,0.4705844155844156,1416.2775665425131,0,1.0,0.0,0.0,0.0
Jack Cheng,2024-09-14,1500.0,,,,,,,1484.736306793522,0,,,,
Jack Draper,2026-02-23,1760.9738857423226,0.7,0.6666666666666666,0.7,11.88888888888889,128.14285714285714,0.6917748917748917,1765.9192926333837,1,1.0,0.0,1.0,0.0
Jack Loutit,2025-09-13,1546.4154566994896,1.0,1.0,1.0,0.0,91.0,1.0,1528.8420967270695,0,1.0,1.0,1.0,
Jack Pinnington Jones,2026-02-13,1514.395324952165,0.5,0.6666666666666666,1.0,7.25,111.25,0.6079059829059829,1520.4326141420545,0,1.0,1.0,0.0,1.0
Jacob Fearnley,2026-01-19,1467.5391629831356,0.2,0.0,0.2,5.4,113.9,0.5873015873015872,1456.288731161846,0,0.0,0.0,0.0,0.0
Jaime Faria,2026-02-21,1455.4418993415682,0.3,0.6666666666666666,0.4,4.1,115.66666666666667,0.4155708180708181,1446.176416182467,0,1.0,1.0,0.0,1.0
Jakub Mensik,2026-02-20,1734.6899737141227,0.9,1.0,0.9,13.0,126.22222222222223,0.5215773809523809,1717.750640296119,0,1.0,1.0,1.0,0.0
James Duckworth,2026-02-12,1468.7512923575903,0.5,0.3333333333333333,0.5,8.5,126.66666666666667,0.6751322751322751,1457.518979715462,0,0.0,1.0,0.0,0.0
James McCabe,2025-07-14,1435.7519116045692,0.14285714285714285,0.3333333333333333,0.2,8.142857142857142,119.0,0.5915275200989487,1422.6773750739212,0,0.0,0.0,1.0,0.0
James Trotter,2025-10-01,1484.9396554309837,0.0,0.0,0.0,4.0,98.0,0.75,1475.5397244299315,0,0.0,,,
James Watt,2026-01-12,1531.9976024840678,1.0,1.0,1.0,,,,1520.0403456894198,0,1.0,1.0,,
Jan Choinski,2026-02-16,1446.5882364290014,0.16666666666666666,0.0,0.0,5.0,158.83333333333334,0.7053594553594554,1440.37351064837,0,0.0,0.0,0.0,0.0
Jan-Lennard Struff,2026-02-13,1509.086485586743,0.4,0.3333333333333333,0.4,8.9,118.8,0.5140476190476191,1503.6458162656122,0,1.0,0.0,0.0,0.0
Jannik Sinner,2026-02-19,2060.2110388326123,0.9,0.6666666666666666,0.9,11.6,134.44444444444446,0.8452380952380951,2031.9036124144604,0,1.0,1.0,0.0,1.0
Jason Kubler,2026-01-18,1483.8986535015247,0.3333333333333333,0.3333333333333333,0.3333333333333333,5.666666666666667,175.33333333333334,0.5128205128205128,1471.5386632261268,0,0.0,0.0,1.0,
Jaume Munar,2026-02-14,1626.3863175994593,0.5,0.6666666666666666,0.5,8.2,141.2,0.562857142857143,1617.407625116343,0,1.0,1.0,0.0,1.0
Javier Barranco Cosano,2024-05-20,1500.0,,,,,,,1484.4918583358312,0,,,,
Jay Clarke,2025-06-30,1500.0,,,,,,,1481.8947495299994,0,,,,
Jenson Brooksby,2026-02-17,1591.2405079396153,0.5,0.0,0.5,3.3,107.0,0.6254589160839161,1577.9697935337083,0,0.0,0.0,0.0,1.0
Jerome Kym,2025-09-12,1535.8274733269495,0.5555555555555556,0.6666666666666666,0.5,13.142857142857142,162.14285714285714,0.5366522366522367,1517.4742327170466,0,1.0,0.0,1.0,0.0
Jesper de Jong,2026-02-18,1528.2563146987277,0.3,0.0,0.3,8.2,133.3,0.4248244810744811,1517.9440725539998,0,0.0,0.0,0.0,0.0
Jesse Flores,2024-02-02,1500.0,,,,,,,1484.0,0,,,,
Jie Cui,2025-01-31,1500.0,,,,,,,1516.0,1,,,,
Jiri Lehecka,2026-02-19,1677.789042291667,0.5,0.6666666666666666,0.5,8.2,91.4,0.7685185185185185,1662.776398178934,0,1.0,1.0,0.0,0.0
Jiri Vesely,2024-01-15,1500.0,,,,,,,1485.1268268727458,0,,,,
Joao Fonseca,2026-02-20,1652.2506810377874,0.7,0.3333333333333333,0.5,6.555555555555555,112.66666666666667,0.569637505351791,1631.503678157916,0,1.0,0.0,0.0,1.0
Joao Lucas Reis Da Silva,2026-02-17,1500.0,,,,,,,1488.539444225483,0,,,,
Joao Sousa,2024-04-01,1485.9757745204238,0.0,0.0,,1.0,68.0,0.42857142857142855,1470.1372385292198,0,0.0,,,
Joaquin  Aguilar Cardozo,2024-09-13,1500.0,0.5,0.5,0.5,0.5,79.0,0.5,1482.5027232842142,0,1.0,0.0,,
Joaquin Aguilar Cardozo,2025-09-12,1500.0,,,,,,,1485.4358728782763,0,,,,
Joel Schwaerzler,2025-07-21,1478.74737099099,0.0,0.0,0.0,3.0,91.5,0.41666666666666663,1465.4858910227183,0,0.0,0.0,,
Johannus Monday,2025-06-30,1500.0,,,,,,,1492.7810253922678,0,,,,
John Peers,2025-01-31,1500.0,,,,,,,1483.5116511751294,0,,,,
Jordan Thompson,2026-01-21,1538.4258654952678,0.4,0.6666666666666666,0.4,9.9,148.5,0.656904761904762,1524.795274858693,0,1.0,0.0,1.0,0.0
Joris De Loore,2024-02-03,1500.0,,,,,,,1483.2315256149793,0,,,,
Jozef Kovalik,2025-01-31,1499.5421677453194,0.42857142857142855,0.3333333333333333,0.3333333333333333,4.857142857142857,106.75,0.6239538239538239,1482.1883892469766,0,1.0,0.0,0.0,0.0
Juan Carlos Fuentes Vasquez,2024-09-14,1516.0,1.0,1.0,,1.0,78.0,1.0,1499.263693206478,0,1.0,,,
Juan Carlos Prado Angelo,2024-02-03,1500.0,,,,,,,1516.0,1,,,,
Juan Manuel Cerundolo,2026-02-20,1530.0662070874764,0.6,0.6666666666666666,0.8,5.0,141.1,0.6123376623376623,1513.5062063749353,0,1.0,1.0,0.0,1.0
Juan Pablo Ficovich,2025-07-27,1498.4557599787738,0.4,0.3333333333333333,0.4,3.0,108.2,0.7216880341880343,1509.3132997895589,0,1.0,1.0,1.0,0.0
Juan Pablo Varillas,2024-09-13,1420.8243126499144,0.2,0.3333333333333333,0.0,4.0,139.7,0.5747835497835497,1406.6839346530273,0,0.0,1.0,0.0,1.0
Juncheng Shang,2026-02-16,1518.573516073361,0.6,0.3333333333333333,0.6,5.9,121.0,0.529945054945055,1512.102895563333,0,0.0,1.0,0.0,1.0
Jurij Rodionov,2025-11-19,1533.9093101651176,0.5555555555555556,0.6666666666666666,0.6,3.2857142857142856,96.71428571428571,0.48412698412698413,1522.3285174631199,0,0.0,1.0,1.0,1.0
Justin Engel,2025-12-22,1491.9677860672334,0.4,0.3333333333333333,0.4,8.7,95.7,0.7200447700447701,1441.887956566332,0,0.0,0.0,1.0,0.0
Kaipo Marshall,2025-09-12,1467.4110341955457,0.25,0.0,0.0,2.6666666666666665,121.66666666666667,0.6024346024346025,1450.2078422133097,0,0.0,0.0,1.0,0.0
Kamil Majchrzak,2026-02-16,1569.9768764496262,0.5,0.3333333333333333,0.5,6.5,130.1,0.6118551587301587,1558.9288616612387,0,0.0,1.0,0.0,1.0
Karan Singh,2025-02-01,1500.0,,,,,,,1516.0,1,,,,
Karen Khachanov,2026-02-19,1637.1116404338234,0.6,0.6666666666666666,0.6,10.1,134.2,0.6708689458689459,1634.5212184190943,0,1.0,1.0,0.0,1.0
Karim Bennani,2025-09-13,1516.0,1.0,1.0,1.0,,,,1531.263693206478,1,1.0,,,
Karim-Mohamed Maamoun,2025-02-01,1500.0,,,,,,,1483.263693206478,0,,,,
Karl Friberg,2024-02-02,1500.0,,,,,,,1484.736306793522,0,,,,
Karue Sell,2025-05-19,1500.0,,,,,,,1486.9459020467114,0,,,,
Kasidit Samrej,2025-01-31,1491.0715296526157,0.0,0.0,0.0,4.0,188.0,0.5384615384615384,1476.2175622009572,0,0.0,,,
Kei Nishikori,2025-08-07,1541.1523517827982,0.4,0.3333333333333333,0.5,2.2,97.0,0.5058058608058608,1522.8133248913382,0,0.0,1.0,0.0,1.0
Kevin Krawietz,2024-02-02,1500.0,,,,,,,1484.0,0,,,,
Khumoyun Sultanov,2025-09-13,1513.5588326606446,0.6666666666666666,0.6666666666666666,0.6666666666666666,6.333333333333333,87.66666666666667,0.7592592592592592,1512.6091541268413,1,0.0,0.0,1.0,1.0
Ki Lung Ng,2024-09-14,1500.0,,,,,,,1484.0,0,,,,
Kiranpal Pannu,2025-02-01,1483.9646023386795,0.3333333333333333,0.3333333333333333,0.3333333333333333,2.3333333333333335,120.33333333333333,0.6384615384615385,1466.5969365896817,0,0.0,1.0,0.0,
Kodjo Charles Alipoe-Tchotchodji,2025-09-13,1500.0,,,,,,,1483.1648040889834,0,,,,
Komlavi Loglo,2024-02-03,1500.0,1.0,1.0,1.0,3.0,77.0,1.0,1499.263693206478,1,0.0,,,
Kris Van Wyk,2025-02-01,1500.0,0.5,0.5,0.5,4.5,145.0,0.5505050505050505,1484.0,0,0.0,1.0,,
Kristjan Tamm,2024-09-13,1484.0,0.0,0.0,,6.0,169.0,0.8,1468.0,0,0.0,,,
Kwok Shun Dasson Chan,2024-02-03,1500.0,,,,,,,1484.0,0,,,,
Kyrian Jacquet,2026-01-18,1499.355282931125,0.4,0.6666666666666666,0.5,8.4,112.75,0.7076569264069263,1482.3096744642944,0,1.0,0.0,1.0,0.0
Laslo Djere,2026-02-10,1446.9743605070048,0.1,0.0,0.4,6.7,126.3,0.5283333333333333,1432.0727347722416,0,0.0,0.0,0.0,0.0
Lautaro Midon,2026-02-09,1500.0,,,,,,,1480.1150300011254,0,,,,
Leandro Riedi,2025-08-24,1477.9405383196934,0.3333333333333333,0.3333333333333333,0.3333333333333333,5.666666666666667,103.5,0.7309523809523809,1526.7605211613104,1,0.0,1.0,1.0,0.0
Learner Tien,2026-02-22,1727.9910614054813,0.7,0.6666666666666666,0.7,10.5,131.7,0.4574175824175824,1710.931026194453,0,1.0,1.0,0.0,0.0
Leo Borg,2025-10-13,1493.9517199899706,0.42857142857142855,0.3333333333333333,0.5,2.25,81.0,0.33035714285714285,1496.2733428232468,0,1.0,1.0,0.0,1.0
Leo Matthysen,2025-09-13,1500.0,,,,,,,1484.736306793522,0,,,,
Li Tu,2025-03-03,1443.192371978914,0.14285714285714285,0.3333333333333333,0.16666666666666666,4.0,106.85714285714286,0.6582270069112174,1428.840122609439,0,0.0,1.0,0.0,0.0
Liam Broady,2024-07-01,1469.0563809812188,0.25,0.3333333333333333,0.0,4.0,102.25,0.7114145658263304,1451.7004299609582,0,0.0,0.0,0.0,1.0
Liam Draxl,2026-01-18,1498.3190719851086,0.5,0.5,0.5,8.5,135.0,0.5357142857142857,1479.3078818806898,0,1.0,0.0,,
Linh Giang Trinh,2024-02-02,1500.0,0.0,0.0,0.0,0.0,101.0,0.6428571428571429,1468.0,0,0.0,,,
Liova Ajavon,2025-02-01,1516.0,1.0,1.0,1.0,0.0,104.0,0.5,1499.263693206478,0,1.0,,,
Lloyd Harris,2025-08-24,1487.7630040482397,0.3333333333333333,0.3333333333333333,0.0,23.5,207.0,0.6664021164021164,1498.278343124917,0,1.0,0.0,1.0,0.0
Lorenzo Musetti,2026-01-28,1775.4912680502064,0.8,1.0,0.8,6.5,151.1,0.6279761904761905,1764.5713699828946,0,1.0,1.0,1.0,1.0
Lorenzo Sonego,2026-01-22,1573.7563396993153,0.7,0.6666666666666666,0.7,7.3,116.1,0.5795238095238096,1564.8676944401495,0,1.0,0.0,1.0,1.0
Louis Van Herck,2025-09-12,1500.0,,,,,,,1484.0,0,,,,
Luca Nardi,2026-02-07,1496.4041598917288,0.5,0.6666666666666666,0.5,3.9,94.55555555555556,0.6706235431235431,1483.0274289801303,0,1.0,1.0,0.0,0.0
Luca Preda,2024-02-03,1500.0,,,,,,,1484.0,0,,,,
Luca Van Assche,2025-11-03,1438.1691072397307,0.4,0.3333333333333333,0.4,6.333333333333333,100.66666666666667,0.5297619047619047,1423.990194730199,0,0.0,1.0,0.0,0.0
Lucas Miedler,2024-02-03,1500.0,,,,,,,1516.0,1,,,,
Lucas Pouille,2025-01-27,1489.996602282846,0.375,0.3333333333333333,0.25,5.142857142857143,124.28571428571429,0.5017006802721088,1472.8814572676743,0,0.0,1.0,0.0,1.0
Luciano Darderi,2026-02-18,1591.572401614033,0.7,0.6666666666666666,0.9,9.5,127.2,0.6083333333333333,1571.900591445606,0,1.0,0.0,1.0,1.0
Lucky Candra Kurniawan,2025-02-01,1500.0,,,,,,,1484.736306793522,0,,,,
Luis Carlos Alvarez,2025-09-12,1492.6881422610054,0.5,0.5,0.5,0.5,84.5,0.7142857142857143,1477.9111245576346,0,1.0,0.0,,
Luis Guto Miguel,2026-02-18,1500.0,,,,,,,1483.724797843781,0,,,,
Luka Mikrut,2024-07-22,1500.0,,,,,,,1481.900395464578,0,,,,
Luka Pavlovic,2026-02-09,1500.0,,,,,,,1485.8445655681733,0,,,,
Lukas Klein,2025-09-12,1454.0520303210076,0.3,0.3333333333333333,0.3,8.444444444444445,110.33333333333333,0.5148148148148148,1439.6208845518893,0,0.0,0.0,1.0,0.0
Lukas Neumayer,2025-09-12,1522.1920659856737,0.6666666666666666,0.6666666666666666,1.0,2.3333333333333335,106.66666666666667,0.4583333333333333,1527.5697792607855,0,1.0,0.0,1.0,1.0
Lukas Pokorny,2024-02-02,1500.0,,,,,,,1514.6007781761145,1,,,,
M Rifki Fitriadi,2025-02-01,1531.9661669788793,1.0,1.0,1.0,3.5,83.5,0.6666666666666666,1514.498210389158,0,1.0,1.0,,
Mackenzie McDonald,2026-02-18,1429.456668113086,0.2,0.0,0.2,8.8,120.7,0.4632720057720058,1421.1242519568195,0,0.0,0.0,0.0,0.0
Maks Kasnikowski,2025-01-31,1481.771943419518,0.3333333333333333,0.3333333333333333,0.3333333333333333,7.5,173.0,0.6785714285714286,1497.1307396846491,1,0.0,0.0,1.0,
Manuel Guinard,2025-02-10,1492.302275625167,0.3333333333333333,0.3333333333333333,0.3333333333333333,6.666666666666667,106.66666666666667,0.4621212121212121,1479.477088893195,0,1.0,0.0,0.0,
Marc Polmans,2024-07-15,1483.3630889936344,0.0,0.0,,11.0,148.0,0.6363636363636364,1466.6070575357858,0,0.0,,,
Marc Van Der Merwe,2025-09-13,1500.0,,,,,,,1484.6609720482445,0,,,,
Marc-Andrea Huesler,2025-09-12,1446.2688607533826,0.3,0.3333333333333333,0.2857142857142857,8.11111111111111,115.33333333333333,0.5768518518518518,1427.3132051525918,0,0.0,0.0,1.0,0.0
Marcelo Arevalo,2025-09-13,1512.5275362460927,0.6,0.6666666666666666,0.6666666666666666,2.6666666666666665,93.0,0.5357142857142857,1495.9508717707938,0,1.0,0.0,0.0,1.0
Marco Trungelliti,2025-07-14,1503.7956540645107,0.5,0.3333333333333333,0.5714285714285714,1.875,90.25,0.6792478354978355,1486.4797330382091,0,0.0,0.0,1.0,0.0
Marcos Giron,2026-02-19,1567.0500658824683,0.6,0.3333333333333333,0.6,5.2,110.3,0.5724392274392274,1556.2257567622325,0,1.0,0.0,0.0,0.0
Marcos Lee Chan Baratau,2024-09-14,1500.0,,,,,,,1482.507755733804,0,,,,
Mariano Navone,2026-02-18,1443.8349744690493,0.2,0.3333333333333333,0.5,3.2,132.8,0.589350543247602,1436.629595278521,0,0.0,1.0,0.0,0.0
Marin Cilic,2026-02-18,1578.7359579588415,0.6,0.6666666666666666,0.6,12.4,111.4,0.7605820105820106,1562.4878646768047,0,0.0,1.0,1.0,1.0
Marius Copil,2024-02-03,1500.0,,,,,,,1485.4855624711656,0,,,,
Mark Lajal,2025-10-13,1534.0737845874735,0.5555555555555556,0.6666666666666666,0.6,6.6,121.0,0.5136363636363637,1519.1505314040537,0,0.0,1.0,1.0,0.0
Marko Topo,2025-10-13,1482.8621157242305,0.0,0.0,,1.0,114.0,0.5454545454545454,1465.028741313235,0,0.0,,,
Markus Molder,2025-01-31,1500.0,,,,,,,1515.3312356809845,1,,,,
Martin Antonio Vergara Del Puerto,2024-02-03,1500.0,,,,,,,1484.0,0,,,,
Martin Antonio Vergara del Puerto,2025-09-12,1500.0,,,,,,,1483.3139854481612,0,,,,
Martin Damm,2026-02-08,1567.2632618553557,0.6666666666666666,1.0,0.6666666666666666,16.555555555555557,105.44444444444444,0.625,1550.1729415515474,0,1.0,1.0,1.0,0.0
Martin Klizan,2025-03-31,1500.0,,,,,,,1482.4889538472441,0,,,,
Martin Landaluce,2025-12-22,1423.605689617492,0.1,0.0,0.25,5.888888888888889,123.55555555555556,0.5992063492063493,1393.1746395794669,0,0.0,0.0,1.0,0.0
Martins Rocens,2024-02-02,1500.0,,,,,,,1486.4950703154168,0,,,,
Marton Fucsovics,2026-02-18,1551.6557065169193,0.4,0.3333333333333333,0.4,2.6,106.0,0.6160622710622711,1538.9582202647302,0,1.0,0.0,0.0,1.0
Martyn Pawelski,2025-01-31,1516.0,1.0,1.0,1.0,,,,1497.869911281273,0,1.0,,,
Matavao Fanguna,2024-02-02,1500.0,,,,,,,1484.0,0,,,,
Mate Valkusz,2024-09-13,1466.7185076460007,0.0,0.0,0.0,6.5,115.5,0.47435897435897434,1471.1254535004066,0,1.0,0.0,0.0,
Matej Dodig,2025-07-21,1501.726961322922,0.5,0.6666666666666666,0.5,3.0,109.5,0.8444444444444444,1484.7328035022892,0,0.0,1.0,0.0,1.0
Matheus Pucinelli De Almeida,2025-01-31,1500.0,,,,,,,1488.3310877185736,0,,,,
Matic Kriznik,2024-02-02,1500.0,0.0,0.0,0.0,1.0,118.0,0.4,1467.4262137733288,0,0.0,,,
Matteo Arnaldi,2026-01-19,1505.5508560173362,0.2,0.3333333333333333,0.2,7.0,137.8,0.6062610229276896,1495.5544640131764,0,0.0,1.0,0.0,1.0
Matteo Berrettini,2026-02-21,1659.8989086834445,0.8,0.6666666666666666,0.6,7.9,101.4,0.6351851851851853,1639.7079856278342,0,1.0,1.0,0.0,1.0
Matteo Gigante,2025-07-27,1523.498955839724,0.5,0.6666666666666666,0.3333333333333333,5.3,117.0,0.660470362970363,1523.9019147945367,0,1.0,1.0,0.0,1.0
Matteo Martineau,2024-06-10,1500.0,,,,,,,1483.3815294084093,0,,,,
Matthew Ebden,2024-07-29,1500.0,,,,,,,1493.6092998296424,0,,,,
Matthew Forbes,2024-08-26,1500.0,,,,,,,1481.1674554313845,0,,,,
Mattia Bellucci,2026-02-18,1456.797641659882,0.3,0.0,0.3,5.7,102.2,0.5997750615397675,1442.4218251899154,0,0.0,0.0,0.0,0.0
Max Hans Rehberg,2024-04-15,1500.0,,,,,,,1483.2724008402695,0,,,,
Max Purcell,2024-08-26,1468.7960416148408,0.5,0.3333333333333333,0.3,8.6,94.8,0.6177248677248678,1479.2176101545238,1,0.0,1.0,0.0,0.0
Maxim Mrva,2025-01-31,1500.0,,,,,,,1516.0,1,,,,
Maxim Shin,2024-02-02,1500.0,,,,,,,1484.0,0,,,,
Maxime Cressy,2024-07-29,1468.6257638676257,0.25,0.3333333333333333,0.0,10.25,137.0,0.6352813852813852,1449.8671487725642,0,1.0,0.0,0.0,0.0
Maxime Janvier,2024-07-01,1500.0,,,,,,,1484.9029450368807,0,,,,
Maximilian Marterer,2025-05-26,1447.5685661962787,0.5,0.6666666666666666,0.3333333333333333,6.111111111111111,93.71428571428571,0.5643939393939393,1429.6076359408864,0,1.0,1.0,0.0,0.0
Maximus Jones,2025-01-31,1484.0,0.0,0.0,,3.0,77.0,0.5833333333333334,1468.0,0,0.0,,,
Mees Rottgering,2026-02-10,1483.21119213277,0.0,0.0,0.0,0.0,102.0,0.5555555555555556,1465.6996364204824,0,0.0,,,
Menelaos Efstathiou,2025-09-13,1500.0,0.6666666666666666,0.6666666666666666,0.6666666666666666,1.0,78.0,0.4,1499.9708868155813,1,0.0,1.0,0.0,
Mert Naci Turker,2025-02-01,1500.0,,,,,,,1516.0,1,,,,
Michael Agwi,2025-09-13,1518.7817210003843,0.5,0.6666666666666666,0.25,6.0,95.25,0.47916666666666663,1517.8275335472993,0,1.0,1.0,1.0,1.0
Michael Bassem Sobhy,2025-09-13,1484.0,0.0,0.0,,2.0,109.0,0.5,1500.0,1,0.0,,,
Michael Mmoh,2026-01-09,1539.7436130029419,0.6,0.6666666666666666,0.6,7.4,106.9,0.655,1523.7140571498003,0,1.0,1.0,0.0,1.0
Michael Zheng,2026-02-10,1509.7532392296625,0.5,0.5,0.5,3.5,172.5,0.42857142857142855,1497.5521929338574,0,0.0,1.0,,
Mikael Ymer,2025-10-13,1475.8419019313042,0.0,0.0,0.0,2.0,77.0,0.5,1460.431563203288,0,0.0,0.0,,
Mikhail Kukushkin,2025-01-27,1471.1178577741098,0.3333333333333333,0.0,0.4,2.6666666666666665,104.2,0.5515873015873015,1456.0470618089832,0,0.0,0.0,1.0,1.0
Mili Poljicak,2025-07-21,1482.60105757836,0.0,0.0,0.0,5.0,196.0,0.5714285714285714,1470.9797611773286,0,0.0,,,
Milos Raonic,2024-07-29,1540.1253256419443,0.6,0.3333333333333333,0.75,17.22222222222222,82.6,0.5535714285714286,1522.6546623937056,0,1.0,0.0,1.0,1.0
MinKyu Song,2024-09-13,1500.0,,,,,,,1484.0,0,,,,
Miomir Kecmanovic,2026-02-19,1506.5640529403292,0.4,0.6666666666666666,0.4,7.1,113.7,0.510099595393713,1498.9812361202655,0,1.0,0.0,1.0,1.0
Mirza Basic,2025-01-31,1498.8500188710761,0.5,0.5,0.5,,,,1482.7876873933697,0,1.0,0.0,,
Mitchell Krueger,2025-07-14,1462.6530851088871,0.3333333333333333,0.3333333333333333,0.375,6.888888888888889,156.11111111111111,0.5300505050505051,1446.8767270928747,0,0.0,0.0,1.0,0.0
Moez Echargui,2026-02-23,1529.5801506555372,0.625,0.3333333333333333,0.7142857142857143,5.333333333333333,82.4,0.7276334776334776,1512.2896951791802,0,0.0,0.0,1.0,1.0
Mohamed Safwat,2025-02-01,1513.8494197423577,0.75,0.6666666666666666,0.75,2.0,216.0,0.6,1511.9035437383468,1,0.0,1.0,0.0,1.0
Moise Kouame,2026-02-04,1500.0,,,,,,,1480.5142748399294,0,,,,
Mubarak Shannan Zayid,2026-02-16,1500.0,,,,,,,1483.4925024687197,0,,,,
Muhammad Shoaib,2024-09-14,1484.0,0.0,0.0,,6.0,63.0,0.7777777777777778,1469.4695015289756,0,0.0,,,
Mukund Sasikumar,2025-02-01,1500.0,,,,,,,1516.736306793522,1,,,,
Murkel Dellien,2024-09-13,1516.0,1.0,1.0,1.0,3.0,48.0,,1499.263693206478,0,1.0,,,
Murphy Cassone,2025-07-21,1500.0,,,,,,,1486.1044706835442,0,,,,
Muzammil Murtaza,2025-09-12,1483.532153088371,0.0,0.0,,,,,1468.2899580556432,0,0.0,,,
N.Sriram Balaji,2024-09-14,1516.0,1.0,1.0,,8.0,75.0,,1497.3489051827266,0,1.0,,,
Nam Hoang Ly,2024-02-02,1500.0,1.0,1.0,1.0,0.0,159.0,0.4,1532.0,1,1.0,,,
Nerman Fatic,2025-09-12,1516.0,1.0,1.0,,5.0,146.0,0.25,1497.818681817814,0,1.0,,,
Nicholas David Ionel,2024-02-03,1500.0,,,,,,,1484.0,0,,,,
Nick Hardt,2024-07-15,1500.9123654159168,0.5,0.5,0.5,2.0,122.0,0.41428571428571426,1487.624100236436,0,0.0,1.0,,
Nick Kyrgios,2026-01-06,1464.6678529443657,0.2,0.3333333333333333,0.2,11.0,109.6,0.5803030303030303,1444.920825468609,0,0.0,1.0,0.0,0.0
Nicolai Budkov Kjaer,2026-02-10,1477.4184400302693,0.4,0.3333333333333333,0.4,6.8,95.6,0.5780952380952381,1466.782874780112,0,0.0,0.0,1.0,1.0
Nicolas Arseneault,2025-07-27,1500.0,0.0,0.0,0.0,9.0,94.0,0.6666666666666666,1502.1020423673103,0,1.0,,,
Nicolas Jarry,2025-08-24,1452.3305726274712,0.4,0.0,0.3,17.3,154.66666666666666,0.6203002244668911,1443.6526574948998,0,0.0,0.0,0.0,1.0
Nicolas Mejia,2025-09-12,1445.5116756977577,0.25,0.3333333333333333,0.0,2.25,93.5,0.4895833333333333,1419.0177593977835,0,0.0,0.0,1.0,0.0
Nicolas Moreno De Alboran,2025-05-05,1471.8083325894786,0.4,0.6666666666666666,0.4,5.9,118.22222222222223,0.7213403880070547,1455.322696344033,0,1.0,1.0,0.0,0.0
Niki Kaliyanda Poonacha,2024-02-03,1500.0,,,,,,,1516.0,1,,,,
Nikolas Sanchez Izquierdo,2024-05-20,1500.0,,,,,,,1485.3183539204388,0,,,,
Nikoloz Basilashvili,2026-02-04,1485.5124798027618,0.5,0.3333333333333333,0.5,8.0,99.3,0.5137125220458554,1468.2128178124235,0,1.0,0.0,0.0,1.0
Nishesh Basavareddy,2026-01-22,1483.6383511192892,0.5,0.6666666666666666,0.5,6.666666666666667,122.77777777777777,0.5535714285714285,1474.1161884691726,0,1.0,1.0,0.0,1.0
Norbert Gombos,2025-09-12,1499.2756255716426,0.5,0.6666666666666666,0.5,6.333333333333333,110.66666666666667,0.5555555555555555,1512.8192795407815,1,0.0,1.0,1.0,0.0
Novak Djokovic,2026-02-01,1924.272433976223,1.0,1.0,1.0,9.222222222222221,140.0,0.7019119769119769,1913.630621666459,0,1.0,1.0,1.0,1.0
Nuno Borges,2026-02-16,1592.8892808284274,0.6,0.6666666666666666,0.6,6.3,115.3,0.6222619047619047,1575.0911666594402,0,0.0,1.0,1.0,0.0
Ofek Shimanov,2025-01-31,1500.0,,,,,,,1515.2278475370274,1,,,,
Olaf Pieczkowski,2025-09-12,1500.0,0.0,0.0,0.0,2.0,78.0,0.6666666666666666,1474.0089260984025,0,0.0,,,
Oleksandr Ovcharenko,2025-01-31,1483.265379065444,0.5,0.5,0.5,,,,1483.6563471587576,1,0.0,0.0,,
Oleksii Krutykh,2025-09-12,1469.6947614335847,0.0,0.0,0.0,4.0,132.0,0.5,1487.0868405888973,1,0.0,0.0,,
Oliver Crawford,2025-06-30,1500.0,,,,,,,1483.2121792836538,0,,,,
Oliver Ojakaar,2025-01-31,1532.0,1.0,1.0,1.0,4.5,92.0,1.0,1546.5304984710244,1,1.0,1.0,,
Oliver Tarvet,2025-06-30,1500.0,0.0,0.0,0.0,1.0,137.0,0.4,1514.4254963229166,0,1.0,,,
Olle Wallin,2025-09-12,1500.0,0.0,0.0,0.0,0.0,105.0,0.4,1501.0217340311697,0,1.0,,,
Omar Jasika,2025-01-13,1486.1408839682597,0.0,0.0,0.0,3.0,131.0,0.5714285714285714,1470.394194437196,0,0.0,,,
Omni Kumar,2024-08-18,1500.0,,,,,,,1485.210288295529,0,,,,
Orel Kimhi,2025-09-12,1483.2748602225945,0.0,0.0,0.0,0.0,93.0,0.6666666666666666,1452.7331440030166,0,0.0,0.0,,
Oscar Otte,2024-06-17,1500.0,,,,,,,1493.3759383963234,0,,,,
Osgar O'Hoisin,2025-01-31,1484.4227027271527,0.0,0.0,0.0,11.0,69.0,0.3333333333333333,1501.1395834874404,1,0.0,,,
Otto Virtanen,2025-09-12,1478.2097006587298,0.4,0.6666666666666666,0.4,7.0,109.625,0.5492063492063491,1463.9291803733565,0,0.0,1.0,1.0,0.0
Pablo Carreno Busta,2026-02-17,1485.258073228338,0.4,0.3333333333333333,0.3,4.0,113.1,0.5571428571428572,1467.8884389896502,0,0.0,1.0,0.0,0.0
Pablo Llamas Ruiz,2025-08-24,1509.91351651544,0.5,0.6666666666666666,0.5,2.0,100.77777777777777,0.6054839020628494,1492.521788966957,0,0.0,1.0,1.0,0.0
Patrick Agbo-Panzo,2025-09-13,1497.9285749374678,0.3333333333333333,0.3333333333333333,0.3333333333333333,,,,1466.8686044559934,0,0.0,0.0,1.0,
Patrick Kypson,2026-02-16,1440.0961813827678,0.3,0.0,0.3333333333333333,8.9,112.4,0.6188888888888888,1423.6836431935737,0,0.0,0.0,0.0,0.0
Patrick Zahraj,2025-07-14,1500.0,,,,,,,1481.0195129967342,0,,,,
Paul Jubb,2024-07-01,1523.5754476438412,0.75,0.6666666666666666,0.75,3.25,92.75,0.6944444444444445,1506.4254010979769,0,1.0,1.0,1.0,0.0
Pavel Kotov,2025-03-31,1429.257889131662,0.2,0.0,0.5,5.4,127.7,0.6480816569051864,1416.92099693317,0,0.0,0.0,0.0,0.0
Pedro Cachin,2024-07-15,1374.1422352126667,0.2,0.0,0.2,3.3,112.55555555555556,0.5104761904761904,1368.1024381859556,0,0.0,0.0,0.0,1.0
Pedro Martinez,2026-02-18,1442.673874339084,0.3,0.6666666666666666,0.4,1.1,119.4,0.5010606060606061,1425.849740716128,0,0.0,1.0,1.0,0.0
Petar Jovanovic,2025-01-31,1500.0,0.0,0.0,0.0,,,,1468.0672276144937,0,0.0,,,
Peter Bertran,2025-09-12,1515.263693206478,1.0,1.0,,,,,1497.8073296333282,0,1.0,,,
Peter Buldorini,2025-09-13,1500.0,,,,,,,1482.234541342551,0,,,,
Petr Nesterov,2025-01-31,1499.1961770197822,0.5,0.5,1.0,2.5,107.5,0.4833333333333333,1484.6872362336176,0,0.0,1.0,,
Petros Chrysochos,2024-02-03,1500.0,,,,,,,1484.0,0,,,,
Petros Tsitsipas,2024-07-29,1500.0,,,,,,,1486.1331752093047,0,,,,
Philip Henning,2025-02-01,1467.8234579495181,0.4,0.3333333333333333,0.6666666666666666,2.25,107.25,0.38825757575757575,1502.7110931336717,1,1.0,0.0,0.0,1.0
Philip Hjorth,2024-09-14,1500.0,,,,,,,1484.0,0,,,,
Pierre-Hugues Herbert,2026-02-16,1445.9828872262888,0.4,0.0,0.4,8.8,111.25,0.6202472527472528,1430.8969361510926,0,0.0,0.0,0.0,1.0
Pijus Vaitiekunas,2025-09-13,1500.0,,,,,,,1515.9046084808526,1,,,,
Quentin Halys,2026-02-23,1465.7582949300015,0.5,0.3333333333333333,0.5,10.4,110.8,0.6375,1460.8128880389404,0,0.0,1.0,0.0,1.0
Radu Albot,2025-03-31,1483.256596225348,0.3,0.3333333333333333,0.75,3.2,135.9,0.5118822843822844,1469.0698802330571,0,0.0,1.0,0.0,0.0
Radu David Turcanu,2025-09-13,1500.0,1.0,1.0,1.0,,,,1530.4230803018454,1,1.0,,,
Rafael De Alba,2025-02-01,1500.0,,,,,,,1484.0,0,,,,
Rafael Jodar,2026-02-20,1523.1520536775326,0.5714285714285714,0.3333333333333333,0.5714285714285714,4.142857142857143,111.57142857142857,0.53001443001443,1516.263332343971,0,1.0,0.0,0.0,1.0
Rafael Nadal,2024-11-19,1584.323569796821,0.6,0.3333333333333333,0.6666666666666666,1.9,130.28571428571428,0.6173721340388006,1563.1104777635408,0,0.0,1.0,0.0,1.0
Ramkumar Ramanathan,2025-02-01,1481.0508315520392,0.3333333333333333,0.3333333333333333,0.0,14.0,96.0,0.5833333333333333,1499.3126492797237,1,0.0,0.0,1.0,
Raphael Collignon,2026-01-20,1546.7563039319061,0.6,0.6666666666666666,0.6,6.1,108.6,0.6638888888888889,1538.545045870606,0,0.0,1.0,1.0,0.0
Raul Garcia,2025-02-01,1500.0,,,,,,,1484.736306793522,0,,,,
Rei Sakamoto,2026-01-20,1443.5817977614743,0.0,0.0,0.0,4.75,97.25,0.7285714285714286,1430.967367097183,0,0.0,0.0,0.0,0.0
Reilly Opelka,2026-01-21,1541.7857147379748,0.5,0.6666666666666666,0.5,21.3,99.6,0.79375,1531.6955812917274,0,1.0,0.0,1.0,0.0
Remy Bertola,2025-10-20,1529.0626228715569,1.0,1.0,1.0,,,,1515.46839221956,0,1.0,1.0,,
Ricardas Berankis,2024-02-03,1500.0,1.0,1.0,1.0,1.0,175.0,0.8125,1530.5304984710244,1,1.0,,,
Ricardo Rodriguez - Pace,2025-01-31,1500.0,,,,,,,1483.7242084525344,0,,,,
Richard Gasquet,2025-05-26,1418.053325675674,0.4,0.3333333333333333,0.3,4.2,127.33333333333333,0.5675731675731676,1434.481983493233,1,0.0,1.0,0.0,1.0
Rigele Te,2024-09-13,1500.0,,,,,,,1484.755796424102,0,,,,
Rinky Hijikata,2026-02-17,1453.365739307785,0.5,0.3333333333333333,0.5,4.5,108.4,0.6419034886681946,1442.8232860841388,0,0.0,1.0,0.0,1.0
Robert Strombachs,2025-02-01,1484.0,0.0,0.0,0.0,3.0,75.0,0.625,1516.7023986633528,1,1.0,0.0,,
Roberto Bautista Agut,2026-02-09,1513.399722482677,0.4,0.3333333333333333,0.4,4.6,118.4,0.41569264069264067,1503.293927054347,0,0.0,1.0,0.0,0.0
Roberto Carballes Baena,2026-02-17,1463.3392119588807,0.3,0.3333333333333333,0.3,2.8,121.8,0.6096681749622925,1446.3657336291453,0,0.0,1.0,0.0,0.0
Roberto Cid Subervi,2025-09-12,1531.263693206478,1.0,1.0,1.0,,,,1513.1942120519873,0,1.0,1.0,,
Robin Haase,2024-07-29,1500.0,,,,,,,1482.15832881372,0,,,,
Rodrigo Crespo Piedra,2024-02-02,1500.0,,,,,,,1484.0,0,,,,
Rodrigo Pacheco Mendez,2025-09-12,1480.7371965822558,0.4,0.6666666666666666,0.4,3.857142857142857,105.42857142857143,0.36097883597883595,1515.3765094548137,1,1.0,0.0,0.0,1.0
Romain Arneodo,2025-09-13,1500.3805920477487,0.5,0.5,1.0,3.0,150.0,0.6666666666666666,1484.363065143246,0,0.0,1.0,,
Roman Andres Burruchaga,2026-02-18,1473.7841208139196,0.4,0.6666666666666666,0.4,1.2,131.88888888888889,0.6427930402930403,1474.8819900543697,0,1.0,0.0,1.0,0.0
Roman Safiullin,2025-08-24,1435.8586185557015,0.3,0.3333333333333333,0.5,8.6,129.1,0.48329143623261267,1449.1552786179107,1,0.0,0.0,1.0,0.0
Ronan Tashinga Mtisi,2025-01-31,1500.0,,,,,,,1484.0,0,,,,
Rowland Phillips,2025-02-01,1468.0,0.0,0.0,0.0,2.5,150.0,0.3125,1471.5611325013701,0,1.0,0.0,0.0,
Rubin Statham,2024-09-14,1500.0,,,,,,,1484.6719469132738,0,,,,
Rudolf Molleker,2024-07-15,1500.4758117744534,0.5,0.5,0.5,5.0,81.5,0.7222222222222222,1483.2282116548884,0,0.0,1.0,,
Saba Purtseladze,2025-01-31,1467.8409201772536,0.25,0.3333333333333333,0.25,6.5,114.5,0.4305555555555556,1452.4821239121225,0,0.0,0.0,0.0,1.0
Sanhui Shin,2025-01-31,1500.0,,,,,,,1484.0,0,,,,
Saud Alhogbani,2025-01-31,1500.0,,,,,,,1484.1342838321377,0,,,,
Sebastian Baez,2026-02-18,1569.7515734124866,0.7,0.6666666666666666,0.3,2.8,112.1,0.6116056166056166,1547.126919749466,0,0.0,1.0,1.0,0.0
Sebastian Dominko,2024-02-02,1500.0,1.0,1.0,1.0,14.0,59.0,1.0,1499.426251111187,1,0.0,,,
Sebastian Fanselow,2024-05-20,1500.0,,,,,,,1482.7230544237084,0,,,,
Sebastian Korda,2026-02-22,1652.1223349354943,0.6,1.0,0.6,10.7,111.9,0.6515873015873015,1683.8714784885879,1,1.0,1.0,1.0,1.0
Sebastian Ofner,2025-10-13,1448.5927032475738,0.2,0.0,0.1,8.8,111.9,0.5716849816849817,1434.117218297384,0,0.0,0.0,0.0,0.0
Seongchan Hong,2024-09-13,1478.312140769651,0.3333333333333333,0.6666666666666666,0.3333333333333333,3.6666666666666665,102.16666666666667,0.6601851851851852,1495.2504297859589,1,1.0,0.0,1.0,0.0
Sergey Fomin,2025-09-13,1455.0777040473772,0.0,0.0,0.0,7.5,117.0,0.6840277777777778,1442.2555708420794,0,0.0,0.0,0.0,
Shintaro Mochizuki,2026-02-17,1399.7903605264262,0.3,0.0,0.3,3.9,107.3,0.5198995448995449,1392.6754821642348,0,0.0,0.0,0.0,1.0
Sho Shimabukuro,2026-02-17,1490.7647559385753,0.3333333333333333,0.3333333333333333,0.3333333333333333,7.333333333333333,97.66666666666667,0.27777777777777773,1477.6418665315337,0,0.0,1.0,0.0,
Siddharth Vishwakarma,2024-09-14,1500.0,,,,,,,1482.9216154532721,0,,,,
Sina Moghimi,2024-03-15,1500.0,1.0,1.0,1.0,0.0,169.0,0.6,1500.0,1,0.0,,,
Skander Mansouri,2024-09-13,1500.0,1.0,1.0,1.0,5.0,70.0,,1497.8996447441875,1,0.0,,,
Soonwoo Kwon,2025-09-12,1452.9699261848903,0.3,0.3333333333333333,0.2857142857142857,3.75,109.0,0.5900106837606838,1479.5175066274553,1,0.0,1.0,0.0,0.0
Stan Wawrinka,2026-02-23,1470.2566907818184,0.4,0.3333333333333333,0.4,9.2,136.0,0.6742857142857144,1487.0940950180043,1,0.0,1.0,0.0,1.0
Stefan Dostanic,2025-08-24,1499.4670660052777,0.5,0.5,0.5,4.5,118.5,0.6875,1482.5187682831563,0,0.0,1.0,,
Stefano Napolitano,2024-07-15,1494.0284580929704,0.5,0.6666666666666666,0.6666666666666666,6.75,132.25,0.575,1476.7197923940455,0,0.0,0.0,1.0,1.0
Stefanos Sakellaridis,2025-11-03,1506.677162903038,0.5,0.6666666666666666,0.0,3.0,127.0,0.8055555555555556,1491.7435694485623,0,0.0,1.0,1.0,0.0
Stefanos Tsitsipas,2026-02-19,1620.0513033303996,0.7,0.6666666666666666,0.7,9.0,112.9,0.684375,1606.2325480612683,0,1.0,1.0,0.0,1.0
Stephen Slocombe,2025-09-12,1500.0,,,,,,,1483.263693206478,0,,,,
Steve Johnson,2024-02-05,1500.0,,,,,,,1483.554998974331,0,,,,
Steven Diez,2024-01-01,1500.0,0.0,0.0,0.0,0.0,77.0,0.5,1468.7653232095577,0,0.0,,,
Strong Kirchheimer,2024-08-19,1500.0,,,,,,,1481.6603045269528,0,,,,
Stylianos Christodoulou,2025-09-13,1530.8539674516585,1.0,1.0,1.0,7.0,60.0,1.0,1514.863058978142,0,1.0,1.0,,
Sumit Nagal,2025-09-12,1359.1909013327459,0.1,0.3333333333333333,0.1,1.2,99.66666666666667,0.8226340326340326,1400.2978951808723,1,1.0,0.0,0.0,0.0
Sylvestre Monnou,2025-02-01,1500.0,,,,,,,1514.5656692275454,1,,,,
Taha Baadi,2025-09-13,1498.2818769264773,0.6666666666666666,0.6666666666666666,1.0,1.0,121.0,0.75,1529.7000267248109,1,1.0,0.0,1.0,
Tallon Griekspoor,2026-02-13,1560.661562026852,0.3,0.6666666666666666,0.3,7.888888888888889,84.77777777777777,0.4333333333333333,1553.8726194322157,0,1.0,1.0,0.0,1.0
Taro Daniel,2025-09-17,1337.3724042313377,0.2,0.0,0.2,4.2,111.1,0.4972222222222222,1377.122615491532,1,0.0,1.0,0.0,0.0
Taylor Fritz,2026-02-21,1754.7328593194566,0.8,0.6666666666666666,0.8,18.8,129.3,0.6860670194003526,1736.502394266915,0,1.0,1.0,0.0,1.0
Tennys Sandgren,2024-02-05,1500.0,,,,,,,1483.5705059253085,0,,,,
Terence Atmane,2026-02-18,1447.548580708167,0.2,0.3333333333333333,0.2,8.4,100.7,0.5823593073593074,1436.8158887875286,0,1.0,0.0,0.0,0.0
Thanapet Chanta,2025-01-31,1484.0,0.0,0.0,,4.0,63.0,0.6666666666666666,1468.736306793522,0,0.0,,,
Thanasi Kokkinakis,2026-01-14,1594.5934521947543,0.6,0.6666666666666666,0.6,15.555555555555555,166.66666666666666,0.6848484848484848,1582.620385733542,0,1.0,1.0,0.0,1.0
Theo Papamalamis,2024-11-03,1500.0,,,,,,,1484.8136341475374,0,,,,
Thiago Agustin Tirante,2026-02-21,1528.655059877674,0.5,0.6666666666666666,0.6,9.1,103.22222222222223,0.5571428571428572,1513.5755092796685,0,1.0,1.0,0.0,1.0
Thiago Monteiro,2026-02-18,1423.367866711541,0.2,0.0,0.4,7.1,152.0,0.5165047233468286,1416.3920842712284,0,0.0,0.0,0.0,1.0
Thiago Seyboth Wild,2026-02-10,1471.6520095755143,0.4,0.6666666666666666,0.5,4.8,111.5,0.47710317460317464,1453.3117545502064,0,0.0,1.0,1.0,0.0
Thijs Boogaard,2026-02-11,1500.0,,,,,,,1481.9978198317483,0,,,,
Thomas Yaka Kofi Setodji,2025-02-01,1530.4967234059995,0.75,1.0,0.75,4.75,87.0,0.3888888888888889,1512.234905678315,0,1.0,1.0,0.0,1.0
Tim van Rijthoven,2024-06-10,1500.0,,,,,,,1484.096807524292,0,,,,
Timofey Skatov,2025-10-13,1497.071280801292,0.5,0.0,0.0,2.375,143.375,0.558407738095238,1477.2712006452628,0,0.0,0.0,0.0,1.0
Titouan Droguet,2026-02-08,1534.209943481949,0.625,1.0,0.75,12.0,99.875,0.5879120879120878,1527.6531050160245,0,1.0,1.0,1.0,1.0
Tomas Barrios Vera,2026-02-18,1428.4603931807276,0.3,0.6666666666666666,0.3,2.5,109.2,0.5892246642246642,1421.3612076544218,0,0.0,1.0,1.0,1.0
Tomas Machac,2026-02-16,1622.0391988067224,0.7,0.3333333333333333,0.7,7.4,126.7,0.7342307692307692,1619.6140852205358,0,0.0,0.0,1.0,1.0
Tomas Martin Etcheverry,2026-02-23,1632.7454330708347,0.8,1.0,0.7,7.8,151.5,0.6,1646.3713489873778,1,1.0,1.0,1.0,1.0
Tomasz Berkieta,2025-09-12,1500.0,,,,,,,1489.5328092239736,0,,,,
Tommy Paul,2026-02-22,1724.2119344294183,0.7,1.0,0.7,8.8,112.7,0.6003472222222223,1721.99895690712,1,0.0,1.0,1.0,1.0
Trevor Svajda,2026-02-12,1482.3759812371884,0.0,0.0,0.0,0.0,85.0,0.6666666666666666,1466.9811460648536,0,0.0,,,
Tristan Boyer,2025-08-24,1463.8571503160777,0.3,0.3333333333333333,0.4,4.0,115.0,0.5311327561327561,1471.9427907580387,0,1.0,1.0,0.0,1.0
Tristan Schoolkate,2026-01-18,1453.863877888342,0.4,0.0,0.4,8.5,116.8,0.5523809523809524,1444.8283942638716,0,0.0,0.0,0.0,1.0
Tsung-Hao Huang,2025-01-31,1500.0,,,,,,,1481.1140705768717,0,,,,
Tsz Fu Wong,2025-09-13,1483.190233765723,0.0,0.0,0.0,,,,1468.5852086382904,0,0.0,,,
Tung-Lin Wu,2025-09-12,1507.358671071538,0.5,0.6666666666666666,0.5,6.0,102.0,0.3333333333333333,1474.6431166649159,0,0.0,0.0,1.0,1.0
Ugo Blanchet,2026-02-05,1464.3428715355972,0.4,0.3333333333333333,0.3333333333333333,6.8,127.77777777777777,0.49110944610944607,1457.775238007385,0,1.0,0.0,0.0,0.0
Ugo Humbert,2026-02-17,1644.4447739456136,0.6,0.6666666666666666,0.6,7.4,114.2,0.653395061728395,1626.8678051450595,0,0.0,1.0,1.0,1.0
Valentin Royer,2026-02-18,1480.9387933186238,0.2,0.3333333333333333,0.2,7.6,117.1,0.6191558441558442,1479.824516542239,0,1.0,0.0,0.0,0.0
Valentin Vacherot,2026-02-16,1679.672527353692,0.6,0.6666666666666666,0.6,10.5,104.2,0.6734567901234567,1658.3038986339914,0,0.0,1.0,1.0,0.0
Vasek Pospisil,2025-07-27,1507.660591930434,0.5,0.5,0.5,3.5,63.5,0.3,1491.4020825058608,0,0.0,1.0,,
Viacheslav Bielinskyi,2025-09-12,1483.5513854291894,0.0,0.0,,1.0,78.0,0.6363636363636364,1501.007749002339,1,0.0,,,
Viktor Durasovic,2025-09-12,1516.0,0.5,0.5,0.5,4.0,65.0,0.6875,1509.1336508642926,0,1.0,1.0,,
Vilius Gaubas,2026-02-20,1510.2986738424127,0.4,1.0,0.75,0.4,117.0,0.5380952380952381,1498.3135956528001,0,1.0,1.0,1.0,0.0
Vit Kopriva,2026-02-22,1534.4609777287476,0.7,1.0,0.7,4.9,117.7,0.7588624338624339,1522.3499903153916,0,1.0,1.0,1.0,0.0
Vitaliy Sachko,2025-11-03,1458.3530182539741,0.375,0.6666666666666666,0.42857142857142855,3.6,102.2,0.682815734989648,1514.6918824434554,0,1.0,1.0,1.0,0.0
Vladyslav Orlov,2025-09-12,1486.072337078933,0.0,0.0,,3.0,75.0,0.0,1504.1418182334237,1,0.0,,,
William Rejchtman Vinciguerra,2025-07-14,1500.0,,,,,,,1486.3771846966793,0,,,,
Wishaya Trongcharoenchaikul,2024-02-03,1500.0,,,,,,,1484.0,0,,,,
Xavier Lawrence,2025-01-31,1500.0,,,,,,,1482.099790317044,0,,,,
Yanaki Milev,2025-09-12,1517.4018288862171,0.6666666666666666,0.6666666666666666,1.0,3.0,122.33333333333333,0.5479853479853479,1496.7108860394972,0,1.0,1.0,0.0,
Yanki Erel,2025-09-12,1513.3030515307855,0.6666666666666666,0.6666666666666666,1.0,2.0,125.0,0.3333333333333333,1500.163851756973,0,1.0,0.0,1.0,
Yannick Hanfmann,2026-02-23,1591.3383382336688,0.6,0.3333333333333333,0.4,9.7,127.1,0.5516754850088184,1599.4694592375117,1,0.0,1.0,0.0,1.0
Yassine Dlimi,2025-09-13,1499.263693206478,0.5,0.5,1.0,0.0,126.5,0.6493506493506493,1514.5262794067405,1,0.0,1.0,,
Yasutaka Uchiyama,2024-09-18,1500.0,1.0,1.0,1.0,5.0,100.5,0.75,1516.3053638822132,1,1.0,0.0,,
Yi Zhou,2025-10-01,1518.497514048416,0.5,0.6666666666666666,0.5,6.222222222222222,108.0,0.5031746031746032,1504.5500295775748,0,0.0,1.0,1.0,0.0
Yibing Wu,2026-01-22,1550.2588540558315,0.6,0.6666666666666666,0.6,4.0,109.33333333333333,0.6642495662232504,1534.7900354406227,0,1.0,0.0,1.0,0.0
Yoshihito Nishioka,2025-10-01,1430.6828997777825,0.2,0.3333333333333333,0.2,2.6,110.8,0.5198746867167919,1463.4521745500135,1,0.0,1.0,0.0,0.0
Yosuke Watanuki,2025-09-24,1544.7427907144543,0.6,0.6666666666666666,0.6,8.2,103.7,0.5716666666666667,1526.5811256383472,0,1.0,0.0,1.0,0.0
Younes Lalami Laaroussi,2025-03-31,1483.263693206478,0.0,0.0,0.0,3.0,69.0,0.5,1467.8014719712078,0,0.0,,,
Yousaf Khalil,2024-09-14,1500.0,,,,,,,1484.0,0,,,,
Yshai Oliel,2025-01-31,1516.0440143575775,0.6666666666666666,0.6666666666666666,0.6666666666666666,4.0,94.0,0.6,1496.0559312423873,0,1.0,1.0,0.0,
Yu Hsiou Hsu,2024-02-03,1500.0,,,,,,,1484.16768477424,0,,,,
Yunchaokete Bu,2026-01-19,1466.5339480025625,0.5,0.3333333333333333,0.5,7.222222222222222,132.33333333333334,0.683862433862434,1455.3655537350564,0,1.0,0.0,0.0,0.0
Zachary Svajda,2026-02-20,1457.5890027075757,0.4,0.3333333333333333,0.4,9.4,118.2,0.5503418803418804,1447.3020873630023,0,1.0,0.0,0.0,1.0
Zhizhen Zhang,2026-02-23,1452.748063440162,0.3,0.3333333333333333,0.3,7.5,114.6,0.6705365622032289,1448.986527620556,0,0.0,1.0,0.0,0.0
Ziga Sesko,2025-09-12,1500.0,,,,,,,1515.2915013480238,1,,,,
Zizou Bergs,2026-02-18,1608.0020134454487,0.6,0.3333333333333333,0.6,9.3,138.1,0.768560606060606,1594.57495712728,0,1.0,0.0,0.0,1.0
Zsombor Piros,2025-09-12,1526.997040529959,0.75,0.6666666666666666,0.5,6.0,101.0,0.5119047619047619,1542.775777381191,1,0.0,1.0,1.0,1.0
Zura Tkemaladze,2025-09-13,1487.5995902477025,0.3333333333333333,0.3333333333333333,0.3333333333333333,0.0,100.0,0.6468253968253967,1472.9669945487728,0,1.0,0.0,0.0,
